seller_id,delivered_orders,late_deliveries,late_delivery_rate,missed_handovers,missed_handover_rate,reviewed_orders,low_reviews,low_review_rate,all_orders,non_receipt_reports,delivery_record_discrepancies,no_recorded_delivery_reports,expected_late_orders,excess_late_orders,non_receipt_report_rate_pct,late_delivery_rate_pct,missed_handover_rate_pct,low_review_rate_pct
4a3ca9315b744ce9f8e9374361493884,1673,168,0.100418410041841,151,0.09025702331141662,1655,281,0.16978851963746225,1707,29,10,2,114.58663361136205,53.413366388637954,1.698886936145284,10.0418410041841,9.025702331141662,16.978851963746227
06a2c3af7b3aee5d69171b0e14f0ee87,388,74,0.19072164948453607,121,0.3118556701030928,384,61,0.15885416666666666,391,6,0,0,26.574784125049895,47.425215874950105,1.5345268542199488,19.072164948453608,31.185567010309278,15.885416666666666
4869f7a5dfa277a7dca6462dcf3b52b2,1111,118,0.10621062106210621,62,0.0558055805580558,1103,135,0.12239347234814144,1119,9,2,0,76.0942916570372,41.9057083429628,0.8042895442359249,10.621062106210621,5.5805580558055805,12.239347234814144
1f50f920176fa81dab994f9023523100,1364,124,0.09090909090909091,149,0.1092375366568915,1359,175,0.1287711552612215,1369,11,1,1,93.42269470764964,30.57730529235036,0.8035062089116143,9.090909090909092,10.92375366568915,12.877115526122148
8160255418d5aaa7dbdc9f4c64ebda44,355,51,0.14366197183098592,90,0.2535211267605634,351,51,0.1452991452991453,360,2,0,1,24.314557640187406,26.685442359812594,0.5555555555555556,14.366197183098592,25.352112676056336,14.529914529914532
7d13fca15225358621be4086e1eb0964,548,64,0.11678832116788321,83,0.15145985401459855,545,89,0.163302752293578,555,6,2,0,37.53345799104985,26.46654200895015,1.0810810810810811,11.678832116788321,15.145985401459855,16.3302752293578
88460e8ebdecbfecb5f9601833981930,227,42,0.18502202643171806,116,0.5110132158590308,226,64,0.2831858407079646,229,3,1,0,15.547618547387438,26.452381452612563,1.3100436681222707,18.502202643171806,51.10132158590308,28.31858407079646
7c67e1448b00f6e969d365cea6b010ab,963,89,0.09241952232606439,288,0.29906542056074764,957,240,0.2507836990595611,972,10,3,0,65.95751833098724,23.04248166901276,1.02880658436214,9.241952232606438,29.906542056074763,25.07836990595611
ea8482cd71df3c1969d7b9473ff13abc,1116,96,0.08602150537634409,87,0.07795698924731183,1110,154,0.13873873873873874,1130,8,5,1,76.4367502153497,19.563249784650296,0.7079646017699115,8.60215053763441,7.795698924731183,13.873873873873874
e5a3438891c0bfdb9394643f95273d8e,213,34,0.1596244131455399,38,0.1784037558685446,212,36,0.16981132075471697,221,5,0,0,14.588734584112443,19.411265415887556,2.262443438914027,15.96244131455399,17.84037558685446,16.9811320754717
855668e0971d4dfd7bef1b6a4133b41b,296,38,0.12837837837837837,55,0.1858108108108108,292,58,0.19863013698630136,308,4,0,1,20.27354665209992,17.72645334790008,1.2987012987012987,12.837837837837837,18.58108108108108,19.863013698630137
1835b56ce799e6a4dc4eddc053f04066,375,43,0.11466666666666667,10,0.02666666666666667,372,77,0.20698924731182797,381,7,3,0,25.6843918734374,17.3156081265626,1.837270341207349,11.466666666666667,2.666666666666667,20.698924731182796
8b321bb669392f5163d04c59e235e066,917,80,0.08724100327153762,44,0.04798255179934569,913,123,0.13472070098576122,930,7,1,0,62.80689959451225,17.193100405487748,0.7526881720430108,8.724100327153762,4.79825517993457,13.472070098576122
54965bbe3e4f07ae045b90b0b8541f52,72,22,0.3055555555555556,39,0.5416666666666666,68,27,0.39705882352941174,77,2,0,0,4.93140323969998,17.068596760300018,2.5974025974025974,30.555555555555557,54.166666666666664,39.705882352941174
f7ba60f8c3f99e7ee4042fdef03b70c4,213,30,0.14084507042253522,2,0.009389671361502348,213,20,0.09389671361502347,214,1,0,0,14.588734584112443,15.411265415887557,0.46728971962616817,14.084507042253522,0.9389671361502347,9.389671361502346
a49928bcdf77c55c6d6e05e09a9b4ca5,93,21,0.22580645161290322,53,0.5698924731182796,93,36,0.3870967741935484,95,2,1,0,6.369729184612475,14.630270815387526,2.1052631578947367,22.58064516129032,56.98924731182796,38.70967741935484
fa1c13f2614d7b5c4749cbc52fecda94,566,53,0.09363957597173145,46,0.0812720848056537,562,51,0.09074733096085409,573,3,0,0,38.76630880097485,14.233691199025152,0.5235602094240838,9.363957597173144,8.12720848056537,9.07473309608541
620c87c171fb2a6dd6e8bb4dec959fc6,717,63,0.08786610878661087,54,0.07531380753138076,711,78,0.10970464135021098,735,5,3,1,49.10855726201231,13.891442737987688,0.6802721088435374,8.786610878661087,7.531380753138076,10.970464135021098
1025f0e2d44d7041d6cf58b6550e0bfa,879,72,0.08191126279863481,161,0.1831626848691695,872,140,0.16055045871559634,884,10,7,0,60.204214551337266,11.795785448662734,1.1312217194570136,8.19112627986348,18.31626848691695,16.055045871559635
897060da8b9a21f655304d50fd935913,298,32,0.10738255033557047,20,0.06711409395973154,295,67,0.2271186440677966,311,3,2,0,20.41053007542492,11.58946992457508,0.964630225080386,10.738255033557047,6.7114093959731544,22.71186440677966
ede0c03645598cdfc63ca8237acbe73d,43,14,0.32558139534883723,8,0.18604651162790697,42,12,0.2857142857142857,46,0,0,0,2.9451436014874885,11.054856398512511,0.0,32.55813953488372,18.6046511627907,28.57142857142857
1ca7077d890b907f89be8c954a02686a,106,18,0.16981132075471697,55,0.5188679245283019,105,63,0.6,113,2,0,1,7.2601214362249715,10.73987856377503,1.7699115044247788,16.9811320754717,51.886792452830186,60.0
712e6ed8aa4aa1fa65dab41fed5737e4,77,16,0.2077922077922078,15,0.19480519480519481,76,27,0.35526315789473684,79,2,1,0,5.273861798012479,10.72613820198752,2.5316455696202533,20.77922077922078,19.480519480519483,35.526315789473685
beadbee30901a7f61d031b6b686095ad,63,15,0.23809523809523808,18,0.2857142857142857,63,11,0.1746031746031746,63,2,1,0,4.314977834737483,10.685022165262517,3.1746031746031744,23.809523809523807,28.57142857142857,17.46031746031746
cd68562d3f44870c08922d380acae552,122,19,0.1557377049180328,18,0.14754098360655737,121,20,0.1652892561983471,125,1,1,0,8.355988822824967,10.644011177175033,0.8,15.573770491803279,14.754098360655737,16.528925619834713
2c9e548be18521d1c43cde1c582c6de8,123,19,0.15447154471544716,3,0.024390243902439025,121,16,0.1322314049586777,125,2,0,0,8.424480534487467,10.575519465512533,1.6,15.447154471544716,2.4390243902439024,13.223140495867769
7aa4334be125fcdd2ba64b3180029f14,211,25,0.11848341232227488,77,0.36492890995260663,210,29,0.1380952380952381,214,2,0,0,14.451751160787444,10.548248839212556,0.9345794392523363,11.848341232227488,36.492890995260666,13.80952380952381
2a1348e9addc1af5aaa619b1a3679d6b,45,13,0.28888888888888886,20,0.4444444444444444,44,15,0.3409090909090909,49,1,0,0,3.082127024812488,9.917872975187512,2.0408163265306123,28.888888888888886,44.44444444444444,34.090909090909086
c3867b4666c7d76867627c2f7fb22e21,221,25,0.11312217194570136,10,0.04524886877828054,220,34,0.15454545454545454,238,2,0,0,15.136668277412442,9.863331722587558,0.8403361344537815,11.312217194570136,4.524886877828054,15.454545454545453
ad781527c93d00d89a11eecd9dcad7c1,33,12,0.36363636363636365,18,0.5454545454545454,33,11,0.3333333333333333,39,2,0,1,2.2602264848624913,9.739773515137509,5.128205128205128,36.36363636363637,54.54545454545454,33.33333333333333
7ad32824caee82087b3e2e5f33b1bf32,140,19,0.1357142857142857,5,0.03571428571428571,137,25,0.18248175182481752,144,2,0,0,9.588839632749963,9.411160367250037,1.3888888888888888,13.571428571428571,3.571428571428571,18.248175182481752
b499c00f28f4b7069ff6550af8c1348a,141,19,0.1347517730496454,27,0.19148936170212766,141,13,0.09219858156028368,146,7,3,1,9.657331344412462,9.342668655587538,4.794520547945205,13.47517730496454,19.148936170212767,9.219858156028367
d20b021d3efdf267a402c402a48ea64b,73,14,0.1917808219178082,15,0.2054794520547945,72,12,0.16666666666666666,77,1,1,0,4.999894951362481,9.000105048637518,1.2987012987012987,19.17808219178082,20.54794520547945,16.666666666666664
4e922959ae960d389249c378d1c939f5,411,37,0.09002433090024331,45,0.10948905109489052,407,73,0.17936117936117937,419,5,2,1,28.15009349328739,8.84990650671261,1.1933174224343674,9.002433090024331,10.948905109489052,17.936117936117938
77530e9772f57a62c906e1c21538ab82,297,29,0.09764309764309764,5,0.016835016835016835,297,39,0.13131313131313133,305,3,1,0,20.34203836376242,8.65796163623758,0.9836065573770493,9.764309764309765,1.6835016835016834,13.131313131313133
8f2ce03f928b567e3d56181ae20ae952,151,19,0.12582781456953643,8,0.052980132450331126,150,18,0.12,153,3,0,1,10.34224846103746,8.65775153896254,1.9607843137254901,12.582781456953644,5.298013245033113,12.0
391fc6631aebcf3004804e51b40bcf1e,490,42,0.08571428571428572,30,0.061224489795918366,488,65,0.13319672131147542,495,7,1,0,33.56093871462487,8.439061285375132,1.4141414141414141,8.571428571428571,6.122448979591836,13.319672131147541
1900267e848ceeba8fa32d80c1a5f5a8,359,33,0.09192200557103064,20,0.055710306406685235,354,57,0.16101694915254236,364,2,0,0,24.588524486837404,8.411475513162596,0.5494505494505495,9.192200557103064,5.571030640668524,16.101694915254235
2eb70248d66e0e3ef83659f71b244378,185,21,0.11351351351351352,60,0.32432432432432434,182,87,0.47802197802197804,200,5,2,2,12.67096665756245,8.32903334243755,2.5,11.351351351351353,32.432432432432435,47.8021978021978
835f0f7810c76831d6c7d24c7a646d4d,40,11,0.275,31,0.775,40,11,0.275,42,1,0,0,2.7396684664999893,8.260331533500011,2.380952380952381,27.500000000000004,77.5,27.500000000000004
431af27f296bc6519d890aa5a05fdb11,114,16,0.14035087719298245,30,0.2631578947368421,113,25,0.22123893805309736,115,2,0,0,7.80805512952497,8.19194487047503,1.7391304347826086,14.035087719298245,26.31578947368421,22.123893805309734
70a12e78e608ac31179aea7f8422044b,307,29,0.09446254071661238,53,0.17263843648208468,305,61,0.2,310,3,2,0,21.026955480387418,7.973044519612582,0.967741935483871,9.446254071661238,17.263843648208468,20.0
6973a06f484aacf400ece213dbf3d946,77,13,0.16883116883116883,23,0.2987012987012987,76,15,0.19736842105263158,82,2,1,0,5.273861798012479,7.726138201987521,2.4390243902439024,16.883116883116884,29.87012987012987,19.736842105263158
218d46b86c1881d022bce9c68a7d4b15,371,33,0.0889487870619946,15,0.04043126684636118,370,42,0.11351351351351352,377,5,2,0,25.4104250267874,7.589574973212599,1.3262599469496021,8.89487870619946,4.0431266846361185,11.351351351351353
7e1fb0a3ebfb01ffb3a7dae98bf3238d,154,18,0.11688311688311688,2,0.012987012987012988,152,16,0.10526315789473684,158,4,2,1,10.547723596024959,7.452276403975041,2.5316455696202533,11.688311688311687,1.2987012987012987,10.526315789473683
634964b17796e64304cadf1ad3050fb7,257,25,0.09727626459143969,27,0.10505836575875487,257,34,0.13229571984435798,260,4,2,0,17.60236989726243,7.397630102737569,1.5384615384615385,9.72762645914397,10.505836575875486,13.229571984435799
2e90cb1677d35cfe24eef47d441b7c87,126,16,0.12698412698412698,7,0.05555555555555555,126,18,0.14285714285714285,126,0,0,0,8.629955669474967,7.370044330525033,0.0,12.698412698412698,5.555555555555555,14.285714285714285
cac4c8e7b1ca6252d8f20b2fc1a2e4af,69,12,0.17391304347826086,21,0.30434782608695654,68,18,0.2647058823529412,70,1,0,0,4.725928104712482,7.274071895287518,1.4285714285714286,17.391304347826086,30.434782608695656,26.47058823529412
dd7ddc04e1b6c2c614352b383efe2d36,114,15,0.13157894736842105,43,0.37719298245614036,113,20,0.17699115044247787,115,3,1,0,7.80805512952497,7.19194487047503,2.608695652173913,13.157894736842104,37.719298245614034,17.699115044247787
b33e7c55446eabf8fe1a42d037ac7d6d,146,17,0.11643835616438356,1,0.00684931506849315,146,18,0.1232876712328767,149,2,0,1,9.999789902724961,7.000210097275039,1.342281879194631,11.643835616438356,0.684931506849315,12.32876712328767
6039e27294dc75811c0d8a39069f52c0,62,11,0.1774193548387097,22,0.3548387096774194,62,12,0.1935483870967742,63,0,0,0,4.246486123074983,6.753513876925017,0.0,17.741935483870968,35.483870967741936,19.35483870967742
4c2b230173bb36f9b240f2b8ac11786e,253,24,0.09486166007905138,82,0.3241106719367589,249,44,0.17670682730923695,256,1,1,0,17.328403050612433,6.671596949387567,0.390625,9.486166007905137,32.41106719367589,17.670682730923694
bbad7e518d7af88a0897397ffdca1979,64,11,0.171875,25,0.390625,63,23,0.36507936507936506,65,4,3,0,4.383469546399983,6.616530453600017,6.153846153846154,17.1875,39.0625,36.507936507936506
891071be6ba827b591264c90c2ae8a63,82,12,0.14634146341463414,15,0.18292682926829268,82,16,0.1951219512195122,89,3,1,1,5.616320356324978,6.383679643675022,3.3707865168539324,14.634146341463413,18.29268292682927,19.51219512195122
b561927807645834b59ef0d16ba55a24,82,12,0.14634146341463414,8,0.0975609756097561,82,8,0.0975609756097561,82,0,0,0,5.616320356324978,6.383679643675022,0.0,14.634146341463413,9.75609756097561,9.75609756097561
0dd184061fb0eaa7ca37932c68ab91c5,156,17,0.10897435897435898,15,0.09615384615384616,155,20,0.12903225806451613,156,5,3,0,10.684707019349958,6.315292980650042,3.205128205128205,10.897435897435898,9.615384615384617,12.903225806451612
fe2032dab1a61af8794248c8196565c9,288,26,0.09027777777777778,19,0.06597222222222222,284,25,0.0880281690140845,289,3,0,1,19.72561295879992,6.274387041200079,1.0380622837370241,9.027777777777777,6.597222222222222,8.80281690140845
ef990a83bbea832f36ebe81376335aa8,40,9,0.225,0,0.0,40,9,0.225,40,2,0,0,2.7396684664999893,6.260331533500011,5.0,22.5,0.0,22.5
a416b6a846a11724393025641d4edd5e,157,17,0.10828025477707007,19,0.12101910828025478,157,22,0.14012738853503184,162,2,1,0,10.753198731012459,6.246801268987541,1.2345679012345678,10.828025477707007,12.101910828025478,14.012738853503185
900ba814c251a692506d7834c1218441,84,12,0.14285714285714285,15,0.17857142857142858,82,6,0.07317073170731707,86,2,0,0,5.753303779649977,6.246696220350023,2.3255813953488373,14.285714285714285,17.857142857142858,7.317073170731707
adbc26658d6c7b4b6219f9d934598091,86,12,0.13953488372093023,21,0.2441860465116279,86,14,0.16279069767441862,86,0,0,0,5.890287202974977,6.109712797025023,0.0,13.953488372093023,24.418604651162788,16.27906976744186
c31eff8334d6b3047ed34bebd4d62c36,116,14,0.1206896551724138,32,0.27586206896551724,115,20,0.17391304347826086,118,2,1,0,7.945038552849969,6.054961447150031,1.694915254237288,12.068965517241379,27.586206896551722,17.391304347826086
440dd6ab244315c632130ecfb63827b1,90,12,0.13333333333333333,9,0.1,90,13,0.14444444444444443,93,2,1,0,6.164254049624976,5.835745950375024,2.1505376344086025,13.333333333333334,10.0,14.444444444444443
11bfa66332777660bd0640ee84d47006,76,11,0.14473684210526316,3,0.039473684210526314,76,17,0.2236842105263158,76,0,0,0,5.20537008634998,5.79462991365002,0.0,14.473684210526317,3.9473684210526314,22.36842105263158
8b28d096634035667e8263d57ba3368c,135,15,0.1111111111111111,8,0.05925925925925926,133,18,0.13533834586466165,139,0,0,0,9.246381074437464,5.753618925562536,0.0,11.11111111111111,5.9259259259259265,13.533834586466165
8e6d7754bc7e0f22c96d255ebda59eba,77,11,0.14285714285714285,30,0.38961038961038963,77,19,0.24675324675324675,78,0,0,0,5.273861798012479,5.726138201987521,0.0,14.285714285714285,38.961038961038966,24.675324675324674
002100f778ceb8431b7a1020ff7ab48f,48,9,0.1875,4,0.08333333333333333,48,6,0.125,49,0,0,0,3.287602159799987,5.712397840200013,0.0,18.75,8.333333333333332,12.5
59b22a78efb79a4797979612b885db36,123,14,0.11382113821138211,6,0.04878048780487805,122,24,0.19672131147540983,123,0,0,0,8.424480534487467,5.575519465512533,0.0,11.38211382113821,4.878048780487805,19.672131147540984
ea566164622c6b439516ab18062c42cd,50,9,0.18,4,0.08,50,12,0.24,50,0,0,0,3.4245855831249865,5.575414416875013,0.0,18.0,8.0,24.0
8581055ce74af1daba164fdbd55a40de,375,31,0.08266666666666667,19,0.050666666666666665,374,35,0.09358288770053476,383,6,1,1,25.6843918734374,5.315608126562601,1.5665796344647518,8.266666666666666,5.066666666666666,9.358288770053475
b2479f944e1b90cf8a5de1bbfde284d6,98,12,0.12244897959183673,12,0.12244897959183673,97,29,0.29896907216494845,100,2,1,0,6.712187742924974,5.287812257075026,2.0,12.244897959183673,12.244897959183673,29.896907216494846
b1fc4f64df5a0e8b6913ab38803c57a9,99,12,0.12121212121212122,41,0.41414141414141414,97,16,0.16494845360824742,99,2,0,0,6.780679454587474,5.219320545412526,2.0202020202020203,12.121212121212121,41.41414141414141,16.49484536082474
05f51e13da97139648b8125c31e5f51b,57,9,0.15789473684210525,11,0.19298245614035087,57,8,0.14035087719298245,60,1,0,0,3.904027564762485,5.095972435237515,1.6666666666666667,15.789473684210526,19.298245614035086,14.035087719298245
a673821011d0cec28146ea42f5ab767f,116,13,0.11206896551724138,21,0.1810344827586207,113,17,0.1504424778761062,120,2,1,0,7.945038552849969,5.054961447150031,1.6666666666666667,11.206896551724139,18.103448275862068,15.04424778761062
0b35c634521043bf4b47e21547b99ab5,43,8,0.18604651162790697,4,0.09302325581395349,42,15,0.35714285714285715,44,1,0,0,2.9451436014874885,5.054856398512511,2.272727272727273,18.6046511627907,9.30232558139535,35.714285714285715
602044f2c16190c2c6e45eb35c2e21cb,45,8,0.17777777777777778,0,0.0,44,16,0.36363636363636365,47,1,0,1,3.082127024812488,4.917872975187512,2.127659574468085,17.77777777777778,0.0,36.36363636363637
2a261b5b644fa05f4f2700eb93544f2c,46,8,0.17391304347826086,1,0.021739130434782608,46,8,0.17391304347826086,46,0,0,0,3.150618736474988,4.849381263525013,0.0,17.391304347826086,2.1739130434782608,17.391304347826086
16090f2ca825584b5a147ab24aa30c86,397,32,0.08060453400503778,21,0.05289672544080604,395,52,0.13164556962025317,401,4,1,0,27.191209530012394,4.808790469987606,0.997506234413965,8.060453400503778,5.289672544080604,13.164556962025317
7ddcbb64b5bc1ef36ca8c151f6ec77df,324,27,0.08333333333333333,3,0.009259259259259259,321,48,0.14953271028037382,333,5,1,1,22.191314578649912,4.808685421350088,1.5015015015015014,8.333333333333332,0.9259259259259258,14.953271028037381
3fd1e727ba94cfe122d165e176ce7967,34,7,0.20588235294117646,0,0.0,34,5,0.14705882352941177,36,0,0,0,2.328718196524991,4.67128180347501,0.0,20.588235294117645,0.0,14.705882352941178
71039d19d4303bf9054d69e9a9236699,34,7,0.20588235294117646,2,0.058823529411764705,34,6,0.17647058823529413,34,0,0,0,2.328718196524991,4.67128180347501,0.0,20.588235294117645,5.88235294117647,17.647058823529413
abe42c5d03695b4257b5c6cbf4e6784e,49,8,0.16326530612244897,0,0.0,48,8,0.16666666666666666,50,1,0,1,3.356093871462487,4.6439061285375125,2.0,16.3265306122449,0.0,16.666666666666664
b17b679f4f5ce2e03ce6968c62648246,50,8,0.16,9,0.18,50,8,0.16,55,1,0,0,3.4245855831249865,4.575414416875013,1.8181818181818181,16.0,18.0,16.0
7d76b645482be4a332374e8223836592,168,16,0.09523809523809523,21,0.125,166,23,0.13855421686746988,172,3,0,2,11.506607559299955,4.493392440700045,1.744186046511628,9.523809523809524,12.5,13.855421686746988
6fd52c528dcb38be2eea044946b811f8,67,9,0.13432835820895522,19,0.2835820895522388,66,24,0.36363636363636365,67,2,0,0,4.588944681387482,4.411055318612518,2.9850746268656714,13.432835820895523,28.35820895522388,36.36363636363637
ba143b05f0110f0dc71ad71b4466ce92,82,10,0.12195121951219512,6,0.07317073170731707,82,6,0.07317073170731707,84,0,0,0,5.616320356324978,4.383679643675022,0.0,12.195121951219512,7.317073170731707,7.317073170731707
cfb1a033743668a192316f3c6d1d2671,128,13,0.1015625,16,0.125,127,14,0.11023622047244094,132,3,0,0,8.766939092799966,4.233060907200034,2.272727272727273,10.15625,12.5,11.023622047244094
e9d99831abad74458942f21e16f33f92,129,13,0.10077519379844961,16,0.12403100775193798,128,20,0.15625,129,1,1,0,8.835430804462465,4.164569195537535,0.7751937984496124,10.077519379844961,12.4031007751938,15.625
8b9d6eec4a7eb7d0f9d579ce0b38324d,44,7,0.1590909090909091,10,0.22727272727272727,44,4,0.09090909090909091,45,1,0,0,3.0136353131499884,3.9863646868500116,2.2222222222222223,15.909090909090908,22.727272727272727,9.090909090909092
66e0557ecc2b4dbea057e93f215f68d8,30,6,0.2,8,0.26666666666666666,30,4,0.13333333333333333,31,0,0,0,2.054751349874992,3.945248650125008,0.0,20.0,26.666666666666668,13.333333333333334
f3da5b2ff499efb8d4a6d371d175d7dd,75,9,0.12,5,0.06666666666666667,74,14,0.1891891891891892,77,1,0,0,5.1368783746874795,3.8631216253125205,1.2987012987012987,12.0,6.666666666666667,18.91891891891892
972d0f9cf61b499a4812cf0bfa3ad3c4,75,9,0.12,26,0.3466666666666667,73,30,0.410958904109589,77,0,0,0,5.1368783746874795,3.8631216253125205,0.0,12.0,34.66666666666667,41.0958904109589
ef506c96320abeedfb894c34db06f478,309,25,0.08090614886731391,26,0.08414239482200647,307,48,0.1563517915309446,317,3,1,0,21.163938903712417,3.836061096287583,0.9463722397476341,8.090614886731391,8.414239482200648,15.63517915309446
34056b8b55c1775a22af2331670a799c,77,9,0.11688311688311688,5,0.06493506493506493,77,11,0.14285714285714285,78,0,0,0,5.273861798012479,3.7261382019875207,0.0,11.688311688311687,6.493506493506493,14.285714285714285
50c9975695009e5e6473912e83a6d1da,49,7,0.14285714285714285,4,0.08163265306122448,48,9,0.1875,49,0,0,0,3.356093871462487,3.643906128537513,0.0,14.285714285714285,8.16326530612245,18.75
3db66a856d18a9cba7c9241fc5221c50,93,10,0.10752688172043011,23,0.24731182795698925,93,9,0.0967741935483871,93,3,0,0,6.369729184612475,3.630270815387525,3.225806451612903,10.75268817204301,24.731182795698924,9.67741935483871
9c0e69c7bf2619675bbadf47b43f655a,137,13,0.0948905109489051,34,0.24817518248175183,136,12,0.08823529411764706,142,0,0,0,9.383364497762463,3.6166355022375374,0.0,9.48905109489051,24.817518248175183,8.823529411764707
ec8879960bd2221d5c32f8e12f7da711,35,6,0.17142857142857143,0,0.0,34,4,0.11764705882352941,36,1,0,0,2.3972099081874907,3.6027900918125093,2.7777777777777777,17.142857142857142,0.0,11.76470588235294
dd55f1bb788714a40e7954c3be6df745,35,6,0.17142857142857143,3,0.08571428571428572,35,7,0.2,35,0,0,0,2.3972099081874907,3.6027900918125093,0.0,17.142857142857142,8.571428571428571,20.0
3c03b12bab54d8b37d79d914bfdb1aa0,36,6,0.16666666666666666,0,0.0,35,7,0.2,36,2,0,0,2.46570161984999,3.53429838015001,5.555555555555555,16.666666666666664,0.0,20.0
c60b801f2d52c7f7f91de00870882a75,36,6,0.16666666666666666,15,0.4166666666666667,36,9,0.25,38,2,1,0,2.46570161984999,3.53429838015001,5.263157894736842,16.666666666666664,41.66666666666667,25.0
f46490624488d3ff7ce78613913a7711,80,9,0.1125,18,0.225,80,19,0.2375,83,4,2,0,5.479336932999979,3.5206630670000214,4.819277108433735,11.25,22.5,23.75
76d5af76d0271110f9af36c92573f765,125,12,0.096,17,0.136,124,16,0.12903225806451613,128,1,0,0,8.561463957812467,3.4385360421875326,0.78125,9.6,13.600000000000001,12.903225806451612
fffd5413c0700ac820c7069d66d98c89,53,7,0.1320754716981132,3,0.05660377358490566,52,10,0.19230769230769232,56,2,1,0,3.6300607181124858,3.3699392818875142,3.571428571428571,13.20754716981132,5.660377358490567,19.230769230769234
522620dcb18a6b31cd7bdf73665113a9,170,15,0.08823529411764706,9,0.052941176470588235,167,31,0.18562874251497005,172,0,0,0,11.643590982624955,3.3564090173750447,0.0,8.823529411764707,5.294117647058823,18.562874251497004
0bf0150d5b9d60d9cd2906003332f085,39,6,0.15384615384615385,11,0.28205128205128205,38,8,0.21052631578947367,39,3,2,0,2.6711767548374894,3.3288232451625106,7.6923076923076925,15.384615384615385,28.205128205128204,21.052631578947366
834f8533b2ecb6598dd004ff3de7203a,40,6,0.15,19,0.475,40,7,0.175,42,0,0,0,2.7396684664999893,3.2603315335000107,0.0,15.0,47.5,17.5
0ed6ce5d87fd9c69eaacaeb778d67235,42,6,0.14285714285714285,10,0.23809523809523808,41,2,0.04878048780487805,43,0,0,0,2.8766518898249887,3.1233481101750113,0.0,14.285714285714285,23.809523809523807,4.878048780487805
75d34ebb1bd0bd7dde40dd507b8169c3,57,7,0.12280701754385964,11,0.19298245614035087,57,11,0.19298245614035087,62,0,0,0,3.904027564762485,3.095972435237515,0.0,12.280701754385964,19.298245614035086,19.298245614035086
ff1fb4c404b2efe68b03350a8dc24122,43,6,0.13953488372093023,8,0.18604651162790697,43,6,0.13953488372093023,43,0,0,0,2.9451436014874885,3.0548563985125115,0.0,13.953488372093023,18.6046511627907,13.953488372093023
f84a00e60c73a49e7e851c9bdca3a5bb,87,9,0.10344827586206896,3,0.034482758620689655,87,17,0.19540229885057472,89,0,0,0,5.9587789146374766,3.0412210853625234,0.0,10.344827586206897,3.4482758620689653,19.54022988505747
1eade46fba20122dc4aefb379f8c636b,58,7,0.1206896551724138,0,0.0,58,5,0.08620689655172414,58,0,0,0,3.9725192764249844,3.0274807235750156,0.0,12.068965517241379,0.0,8.620689655172415
5058e8c1e82653974541e83690655b4a,59,7,0.11864406779661017,15,0.2542372881355932,58,16,0.27586206896551724,60,0,0,0,4.041010988087484,2.958989011912516,0.0,11.864406779661017,25.423728813559322,27.586206896551722
b14db04aa7881970e83ffa9426897925,74,8,0.10810810810810811,25,0.33783783783783783,71,12,0.16901408450704225,79,1,0,0,5.06838666302498,2.93161333697502,1.2658227848101267,10.81081081081081,33.78378378378378,16.901408450704224
a3e9a2c700480d9bb01fba070ba80a0e,118,11,0.09322033898305085,10,0.0847457627118644,117,17,0.1452991452991453,119,1,0,0,8.082021976174968,2.9179780238250324,0.8403361344537815,9.322033898305085,8.47457627118644,14.529914529914532
f84fa566034f5e8e880a07ec624c56af,89,9,0.10112359550561797,19,0.21348314606741572,89,10,0.11235955056179775,91,1,1,0,6.095762337962476,2.9042376620375236,1.098901098901099,10.112359550561797,21.34831460674157,11.235955056179774
e62b2d6ac10570a035a30bafcf01d263,60,7,0.11666666666666667,19,0.31666666666666665,57,8,0.14035087719298245,60,1,0,0,4.109502699749984,2.890497300250016,1.6666666666666667,11.666666666666666,31.666666666666664,14.035087719298245
37515688008a7a40ac93e3b2e4ab203f,221,18,0.08144796380090498,79,0.3574660633484163,219,22,0.1004566210045662,222,1,0,0,15.136668277412442,2.8633317225875583,0.45045045045045046,8.144796380090497,35.74660633484163,10.045662100456621
527801b552d0077ffd170872eb49683b,90,9,0.1,4,0.044444444444444446,89,7,0.07865168539325842,90,0,0,0,6.164254049624976,2.835745950375024,0.0,10.0,4.444444444444445,7.865168539325842
5343d0649eca2a983820bfe93fc4d17e,61,7,0.11475409836065574,1,0.01639344262295082,60,9,0.15,62,0,0,0,4.177994411412484,2.8220055885875164,0.0,11.475409836065573,1.639344262295082,15.0
8648b1e89e9b349e32d3741b30ec737e,91,9,0.0989010989010989,2,0.02197802197802198,91,13,0.14285714285714285,93,1,0,0,6.232745761287475,2.7672542387125247,1.0752688172043012,9.89010989010989,2.197802197802198,14.285714285714285
729f06993dac8e860d4f02d7088ca48a,91,9,0.0989010989010989,2,0.02197802197802198,90,9,0.1,93,0,0,0,6.232745761287475,2.7672542387125247,0.0,9.89010989010989,2.197802197802198,10.0
d93919c944be9cff128f6c9cb899eacb,33,5,0.15151515151515152,15,0.45454545454545453,33,6,0.18181818181818182,33,2,0,0,2.2602264848624913,2.7397735151375087,6.0606060606060606,15.151515151515152,45.45454545454545,18.181818181818183
aac29b1b99776be73c3049939652091d,92,9,0.09782608695652174,6,0.06521739130434782,91,9,0.0989010989010989,96,1,0,0,6.301237472949976,2.6987625270500244,1.0416666666666665,9.782608695652174,6.521739130434782,9.89010989010989
99eaacc9e6046db1c82b163c5f84869f,63,7,0.1111111111111111,9,0.14285714285714285,63,11,0.1746031746031746,66,0,0,0,4.314977834737483,2.6850221652625166,0.0,11.11111111111111,14.285714285714285,17.46031746031746
e96498ed8daaa3e9c23f7a62da76591c,34,5,0.14705882352941177,0,0.0,34,7,0.20588235294117646,34,1,0,0,2.328718196524991,2.671281803475009,2.941176470588235,14.705882352941178,0.0,20.588235294117645
e2aee0892199b1d92530e371abd825bf,34,5,0.14705882352941177,4,0.11764705882352941,34,7,0.20588235294117646,36,0,0,0,2.328718196524991,2.671281803475009,0.0,14.705882352941178,11.76470588235294,20.588235294117645
056b4ada5bbc2c50cc7842547dda6b51,64,7,0.109375,6,0.09375,63,8,0.12698412698412698,65,2,1,0,4.383469546399983,2.616530453600017,3.076923076923077,10.9375,9.375,12.698412698412698
f0b47fbbc6dee9aafe415a6e33051b3f,64,7,0.109375,12,0.1875,64,7,0.109375,65,2,1,0,4.383469546399983,2.616530453600017,3.076923076923077,10.9375,18.75,10.9375
048c2757535328e0d7dac690ad3c0aae,50,6,0.12,1,0.02,49,7,0.14285714285714285,51,1,0,0,3.4245855831249865,2.5754144168750135,1.9607843137254901,12.0,2.0,14.285714285714285
a6fe7de3d16f6149ffe280349a8535a0,50,6,0.12,11,0.22,49,8,0.16326530612244897,51,1,0,0,3.4245855831249865,2.5754144168750135,1.9607843137254901,12.0,22.0,16.3265306122449
fd386aa7bed2af3c7035c65506c9b4a3,65,7,0.1076923076923077,3,0.046153846153846156,65,9,0.13846153846153847,65,2,0,0,4.451961258062482,2.5480387419375177,3.076923076923077,10.76923076923077,4.615384615384616,13.846153846153847
643214e62b870443ccbe55ab29a4dccf,65,7,0.1076923076923077,6,0.09230769230769231,65,3,0.046153846153846156,66,0,0,0,4.451961258062482,2.5480387419375177,0.0,10.76923076923077,9.230769230769232,4.615384615384616
0d85bbda9889ce1f7e63778d24f346eb,51,6,0.11764705882352941,1,0.0196078431372549,50,6,0.12,51,2,2,0,3.4930772947874864,2.5069227052125136,3.9215686274509802,11.76470588235294,1.9607843137254901,12.0
ececbfcff9804a2d6b40f589df8eef2b,95,9,0.09473684210526316,1,0.010526315789473684,95,12,0.12631578947368421,96,0,0,0,6.506712607937475,2.493287392062525,0.0,9.473684210526317,1.0526315789473684,12.631578947368421
c826c40d7b19f62a09e2d7c5e7295ee2,344,26,0.0755813953488372,23,0.06686046511627906,343,48,0.13994169096209913,352,3,2,1,23.56114881189991,2.4388511881000916,0.8522727272727272,7.55813953488372,6.686046511627906,13.994169096209912
cee48807215b30a12ca2ca10ffb5f250,38,5,0.13157894736842105,10,0.2631578947368421,38,8,0.21052631578947367,38,0,0,0,2.60268504317499,2.39731495682501,0.0,13.157894736842104,26.31578947368421,21.052631578947366
e9bc59e7b60fc3063eb2290deda4cced,200,16,0.08,54,0.27,200,28,0.14,207,4,1,1,13.698342332499946,2.301657667500054,1.932367149758454,8.0,27.0,14.000000000000002
2089a6d640999f9b9141ac719b2af596,40,5,0.125,9,0.225,40,9,0.225,43,2,0,1,2.7396684664999893,2.2603315335000107,4.651162790697675,12.5,22.5,22.5
23c38debaffe4a25a30fdbd9b586a13f,40,5,0.125,2,0.05,40,1,0.025,40,0,0,0,2.7396684664999893,2.2603315335000107,0.0,12.5,5.0,2.5
99a54764c341d5dc80b4a8fac4eba3fb,41,5,0.12195121951219512,4,0.0975609756097561,40,8,0.2,42,0,0,0,2.808160178162489,2.191839821837511,0.0,12.195121951219512,9.75609756097561,20.0
17e34d8224d27a541263c4c64b11a56b,246,19,0.07723577235772358,22,0.08943089430894309,244,26,0.10655737704918032,254,1,1,0,16.848961068974933,2.1510389310250666,0.39370078740157477,7.723577235772358,8.94308943089431,10.655737704918032
903037660cf848a717166eb7a06d616e,42,5,0.11904761904761904,4,0.09523809523809523,42,8,0.19047619047619047,43,1,0,0,2.8766518898249887,2.1233481101750113,2.3255813953488373,11.904761904761903,9.523809523809524,19.047619047619047
cbd996ad3c1b7dc71fd0e5f5df9087e2,159,13,0.08176100628930817,5,0.031446540880503145,156,18,0.11538461538461539,164,3,0,0,10.890182154337458,2.1098178456625423,1.8292682926829267,8.176100628930817,3.1446540880503147,11.538461538461538
7040e82f899a04d1b434b795a43b4617,203,16,0.07881773399014778,10,0.04926108374384237,201,52,0.25870646766169153,207,2,1,0,13.903817467487446,2.096182532512554,0.966183574879227,7.8817733990147785,4.926108374384237,25.870646766169152
b18dc380845b24038cfc48006478f099,43,5,0.11627906976744186,2,0.046511627906976744,42,4,0.09523809523809523,44,1,0,0,2.9451436014874885,2.0548563985125115,2.272727272727273,11.627906976744185,4.651162790697675,9.523809523809524
1d8dbc4f32378d715c717c1c1fc57bae,87,8,0.09195402298850575,14,0.16091954022988506,85,10,0.11764705882352941,88,1,0,0,5.9587789146374766,2.0412210853625234,1.1363636363636365,9.195402298850574,16.091954022988507,11.76470588235294
ce7d1888639e6fb06b2749cbfdac1ff7,73,7,0.0958904109589041,2,0.0273972602739726,73,9,0.1232876712328767,73,2,1,0,4.999894951362481,2.0001050486375194,2.73972602739726,9.58904109589041,2.73972602739726,12.32876712328767
406822777a0b9eb5c50e442dd4cd3ec5,44,5,0.11363636363636363,1,0.022727272727272728,43,4,0.09302325581395349,45,1,0,0,3.0136353131499884,1.9863646868500116,2.2222222222222223,11.363636363636363,2.272727272727273,9.30232558139535
4c498c7345e89aebad651544829beca0,44,5,0.11363636363636363,4,0.09090909090909091,44,2,0.045454545454545456,45,0,0,0,3.0136353131499884,1.9863646868500116,0.0,11.363636363636363,9.090909090909092,4.545454545454546
c8467937e403e76a8ee9f0ab13f6f5ef,30,4,0.13333333333333333,6,0.2,28,4,0.14285714285714285,30,0,0,0,2.054751349874992,1.945248650125008,0.0,13.333333333333334,20.0,14.285714285714285
d3f39f05462b79a4562d35893a28f159,30,4,0.13333333333333333,0,0.0,30,8,0.26666666666666666,31,0,0,0,2.054751349874992,1.945248650125008,0.0,13.333333333333334,0.0,26.666666666666668
f27e33c6d29b5138fa9967bcd445b6d5,91,8,0.08791208791208792,18,0.1978021978021978,91,15,0.16483516483516483,91,2,1,0,6.232745761287475,1.7672542387125247,2.197802197802198,8.791208791208792,19.78021978021978,16.483516483516482
23613d49c3ac2bd302259e55c06c050c,62,6,0.0967741935483871,27,0.43548387096774194,61,12,0.19672131147540983,63,1,0,0,4.246486123074983,1.753513876925017,1.5873015873015872,9.67741935483871,43.54838709677419,19.672131147540984
0ffa40d54288e4f3499b8780dd0f144f,33,4,0.12121212121212122,0,0.0,33,3,0.09090909090909091,33,0,0,0,2.2602264848624913,1.7397735151375087,0.0,12.121212121212121,0.0,9.090909090909092
7142540dd4c91e2237acb7e911c4eba2,311,23,0.07395498392282958,19,0.06109324758842444,309,41,0.13268608414239483,314,2,1,0,21.300922327037416,1.6990776729625843,0.6369426751592357,7.395498392282958,6.109324758842444,13.268608414239482
11305281b50fff20ae8bb473f8e11876,34,4,0.11764705882352941,2,0.058823529411764705,34,3,0.08823529411764706,34,0,0,0,2.328718196524991,1.6712818034750092,0.0,11.76470588235294,5.88235294117647,8.823529411764707
0176f73cc1195f367f7b32db1e5b3aa8,35,4,0.11428571428571428,0,0.0,35,5,0.14285714285714285,36,0,0,0,2.3972099081874907,1.6027900918125093,0.0,11.428571428571429,0.0,14.285714285714285
6fc26fe110feebd80a433e1f012a84f9,35,4,0.11428571428571428,1,0.02857142857142857,34,5,0.14705882352941177,35,0,0,0,2.3972099081874907,1.6027900918125093,0.0,11.428571428571429,2.857142857142857,14.705882352941178
23d7c96d4a1160db1c726b248601b25a,50,5,0.1,5,0.1,48,8,0.16666666666666666,53,2,1,0,3.4245855831249865,1.5754144168750135,3.7735849056603774,10.0,10.0,16.666666666666664
dd533b429f380718b70ad9922c294bae,36,4,0.1111111111111111,7,0.19444444444444445,36,5,0.1388888888888889,38,1,0,1,2.46570161984999,1.5342983801500099,2.631578947368421,11.11111111111111,19.444444444444446,13.88888888888889
14d7985702e72162bbf13b6beb74ab2b,36,4,0.1111111111111111,2,0.05555555555555555,36,3,0.08333333333333333,36,0,0,0,2.46570161984999,1.5342983801500099,0.0,11.11111111111111,5.555555555555555,8.333333333333332
54a1852d1b8f10312c55e906355666ee,197,15,0.07614213197969544,5,0.025380710659898477,196,15,0.07653061224489796,199,1,0,0,13.492867197512448,1.5071328024875523,0.5025125628140703,7.614213197969544,2.5380710659898478,7.653061224489796
318f287a62ab7ac10b703ac37435a231,51,5,0.09803921568627451,10,0.19607843137254902,51,10,0.19607843137254902,52,3,1,0,3.4930772947874864,1.5069227052125136,5.769230769230769,9.803921568627452,19.607843137254903,19.607843137254903
1336efc61c316ddf92c899eb817f7cae,66,6,0.09090909090909091,4,0.06060606060606061,66,5,0.07575757575757576,66,0,0,0,4.520452969724983,1.4795470302750173,0.0,9.090909090909092,6.0606060606060606,7.575757575757576
d13e50eaa47b4cbe9eb81465865d8cfc,66,6,0.09090909090909091,9,0.13636363636363635,66,2,0.030303030303030304,67,0,0,0,4.520452969724983,1.4795470302750173,0.0,9.090909090909092,13.636363636363635,3.0303030303030303
0cbcee27c791afa0cdcb08587a2013a8,37,4,0.10810810810810811,1,0.02702702702702703,37,5,0.13513513513513514,39,0,0,0,2.53419333151249,1.46580666848751,0.0,10.81081081081081,2.7027027027027026,13.513513513513514
5b8154610ebb21fb90eb587365e673df,37,4,0.10810810810810811,1,0.02702702702702703,37,5,0.13513513513513514,38,0,0,0,2.53419333151249,1.46580666848751,0.0,10.81081081081081,2.7027027027027026,13.513513513513514
c9c7905cffc4ef9ff9f113554423e671,125,10,0.08,6,0.048,125,14,0.112,125,1,1,0,8.561463957812467,1.4385360421875326,0.8,8.0,4.8,11.200000000000001
ef0ace09169ac090589d85746e3e036f,125,10,0.08,13,0.104,125,9,0.072,126,1,0,0,8.561463957812467,1.4385360421875326,0.7936507936507936,8.0,10.4,7.199999999999999
3df020b72d3d44b3af9d110fa3940b65,53,5,0.09433962264150944,1,0.018867924528301886,53,8,0.1509433962264151,53,1,0,0,3.6300607181124858,1.3699392818875142,1.8867924528301887,9.433962264150944,1.8867924528301887,15.09433962264151
a888faf2d1baececa6baf9c3d603ee1f,53,5,0.09433962264150944,15,0.2830188679245283,53,8,0.1509433962264151,54,1,0,0,3.6300607181124858,1.3699392818875142,1.8518518518518516,9.433962264150944,28.30188679245283,15.09433962264151
2d50d6282f8aa2257819a77bfaa0efe0,39,4,0.10256410256410256,2,0.05128205128205128,39,5,0.1282051282051282,40,0,0,0,2.6711767548374894,1.3288232451625106,0.0,10.256410256410255,5.128205128205128,12.82051282051282
3f3486b61f45078d4f31ee5e43d8c5bb,39,4,0.10256410256410256,2,0.05128205128205128,39,3,0.07692307692307693,40,0,0,0,2.6711767548374894,1.3288232451625106,0.0,10.256410256410255,5.128205128205128,7.6923076923076925
e59aa562b9f8076dd550fcddf0e73491,69,6,0.08695652173913043,4,0.057971014492753624,69,7,0.10144927536231885,70,1,0,1,4.725928104712482,1.274071895287518,1.4285714285714286,8.695652173913043,5.797101449275362,10.144927536231885
82e0a475a88cc9595229d8029273f045,40,4,0.1,4,0.1,40,11,0.275,41,0,0,0,2.7396684664999893,1.2603315335000107,0.0,10.0,10.0,27.500000000000004
de23c3b98a88888289c6f5cc1209054a,157,12,0.07643312101910828,4,0.025477707006369428,157,16,0.10191082802547771,160,0,0,0,10.753198731012459,1.2468012689875412,0.0,7.643312101910828,2.547770700636943,10.191082802547772
17f51e7198701186712e53a39c564617,55,5,0.09090909090909091,8,0.14545454545454545,55,5,0.09090909090909091,55,1,0,0,3.767044141437485,1.2329558585625149,1.8181818181818181,9.090909090909092,14.545454545454545,9.090909090909092
d673a59aac7a70d8b01e6902bf090a11,70,6,0.08571428571428572,1,0.014285714285714285,70,6,0.08571428571428572,70,0,0,0,4.794419816374981,1.2055801836250186,0.0,8.571428571428571,1.4285714285714286,8.571428571428571
6f892e20a171e98efe17fdb971ff319b,41,4,0.0975609756097561,6,0.14634146341463414,40,4,0.1,44,0,0,0,2.808160178162489,1.1918398218375108,0.0,9.75609756097561,14.634146341463413,10.0
7681ef142fd2c19048da7430856b5588,56,5,0.08928571428571429,2,0.03571428571428571,55,6,0.10909090909090909,57,0,0,0,3.835535853099985,1.164464146900015,0.0,8.928571428571429,3.571428571428571,10.909090909090908
f262cbc1c910c83959f849465454ddd3,188,14,0.07446808510638298,3,0.015957446808510637,187,26,0.13903743315508021,191,4,1,1,12.876441792549949,1.123558207450051,2.094240837696335,7.446808510638298,1.5957446808510638,13.903743315508022
00ee68308b45bc5e2660cd833c3f81cc,130,10,0.07692307692307693,1,0.007692307692307693,129,13,0.10077519379844961,130,3,2,0,8.903922516124965,1.0960774838750353,2.307692307692308,7.6923076923076925,0.7692307692307693,10.077519379844961
42b729f859728f5079499127a9c2ef37,101,8,0.07920792079207921,11,0.10891089108910891,100,6,0.06,102,1,0,0,6.917662877912473,1.0823371220875266,0.9803921568627451,7.920792079207921,10.891089108910892,6.0
db2956745b3a8e9f3785c99f34b5d25e,43,4,0.09302325581395349,22,0.5116279069767442,43,8,0.18604651162790697,45,1,1,0,2.9451436014874885,1.0548563985125115,2.2222222222222223,9.30232558139535,51.162790697674424,18.6046511627907
432c37c9dfba871172ec162e20118b8c,44,4,0.09090909090909091,7,0.1590909090909091,44,5,0.11363636363636363,46,0,0,0,3.0136353131499884,0.9863646868500116,0.0,9.090909090909092,15.909090909090908,11.363636363636363
48436dade18ac8b2bce089ec2a041202,132,10,0.07575757575757576,28,0.21212121212121213,132,15,0.11363636363636363,136,0,0,0,9.040905939449965,0.9590940605500347,0.0,7.575757575757576,21.21212121212121,11.363636363636363
5c6d4016c2a288f074fa0848a2b653d2,30,3,0.1,2,0.06666666666666667,30,4,0.13333333333333333,31,0,0,0,2.054751349874992,0.9452486501250079,0.0,10.0,6.666666666666667,13.333333333333334
6b3bd31ad8fcda4b2635ec9f3ff2ecdf,30,3,0.1,5,0.16666666666666666,30,3,0.1,31,0,0,0,2.054751349874992,0.9452486501250079,0.0,10.0,16.666666666666664,10.0
e38db885400cd35c71dfd162f2c1dbcf,30,3,0.1,3,0.1,30,2,0.06666666666666667,30,0,0,0,2.054751349874992,0.9452486501250079,0.0,10.0,10.0,6.666666666666667
e8b4225284fbb02d16f200513f1f395d,30,3,0.1,1,0.03333333333333333,30,1,0.03333333333333333,31,0,0,0,2.054751349874992,0.9452486501250079,0.0,10.0,3.3333333333333335,3.3333333333333335
25c5c91f63607446a97b143d2d535d31,147,11,0.07482993197278912,25,0.17006802721088435,146,24,0.1643835616438356,149,0,0,0,10.06828161438746,0.9317183856125393,0.0,7.482993197278912,17.006802721088434,16.43835616438356
6860153b69cc696d5dcfe1cdaaafcf62,74,6,0.08108108108108109,1,0.013513513513513514,73,11,0.1506849315068493,74,1,0,0,5.06838666302498,0.9316133369750199,1.3513513513513513,8.108108108108109,1.3513513513513513,15.068493150684931
715bbd5ba4e6b74cb0d2f29eb45058b0,60,5,0.08333333333333333,2,0.03333333333333333,60,4,0.06666666666666667,60,1,0,0,4.109502699749984,0.8904973002500158,1.6666666666666667,8.333333333333332,3.3333333333333335,6.666666666666667
ce248b21cb2adc36282ede306b7660e5,60,5,0.08333333333333333,2,0.03333333333333333,60,7,0.11666666666666667,61,1,0,0,4.109502699749984,0.8904973002500158,1.639344262295082,8.333333333333332,3.3333333333333335,11.666666666666666
20cb7c2fde3e5bf10f0bbe7394e1c6a9,31,3,0.0967741935483871,1,0.03225806451612903,31,4,0.12903225806451613,32,1,1,0,2.1232430615374915,0.8767569384625085,3.125,9.67741935483871,3.225806451612903,12.903225806451612
2745f798279e0ed033addcc1474776d7,31,3,0.0967741935483871,5,0.16129032258064516,30,4,0.13333333333333333,31,0,0,0,2.1232430615374915,0.8767569384625085,0.0,9.67741935483871,16.129032258064516,13.333333333333334
66922902710d126a0e7d26b0e3805106,148,11,0.07432432432432433,12,0.08108108108108109,147,7,0.047619047619047616,149,0,0,0,10.13677332604996,0.8632266739500398,0.0,7.4324324324324325,8.108108108108109,4.761904761904762
d1c281d3ae149232351cd8c8cc885f0d,192,14,0.07291666666666667,5,0.026041666666666668,191,35,0.18324607329842932,193,1,1,0,13.150408639199949,0.8495913608000514,0.5181347150259068,7.291666666666667,2.604166666666667,18.32460732984293
e5a38146df062edaf55c38afa99e42dc,119,9,0.07563025210084033,4,0.03361344537815126,118,19,0.16101694915254236,120,1,0,0,8.150513687837469,0.8494863121625311,0.8333333333333334,7.563025210084033,3.361344537815126,16.101694915254235
165fc07beebdcb6190fba8a06db2a449,46,4,0.08695652173913043,4,0.08695652173913043,46,8,0.17391304347826086,46,0,0,0,3.150618736474988,0.8493812635250122,0.0,8.695652173913043,8.695652173913043,17.391304347826086
624f4ece8da4aafb77699233d480f8ef,46,4,0.08695652173913043,8,0.17391304347826086,46,3,0.06521739130434782,47,0,0,0,3.150618736474988,0.8493812635250122,0.0,8.695652173913043,17.391304347826086,6.521739130434782
edb1ef5e36e0c8cd84eb3c9b003e486d,163,12,0.0736196319018405,1,0.006134969325153374,163,12,0.0736196319018405,164,0,0,0,11.164149000987456,0.8358509990125444,0.0,7.361963190184049,0.6134969325153374,7.361963190184049
5d0363b33554b373851fc1622e4d5f3c,90,7,0.07777777777777778,9,0.1,90,9,0.1,91,2,0,1,6.164254049624976,0.8357459503750242,2.197802197802198,7.777777777777778,10.0,10.0
d5ba419e26d246a0719437cf37d9b46d,32,3,0.09375,6,0.1875,31,4,0.12903225806451613,33,1,1,0,2.1917347731999914,0.8082652268000086,3.0303030303030303,9.375,18.75,12.903225806451612
7b0df942f46435babab05d49b744b2c4,32,3,0.09375,1,0.03125,31,2,0.06451612903225806,32,0,0,0,2.1917347731999914,0.8082652268000086,0.0,9.375,3.125,6.451612903225806
93dc87703c046b603023e75222018b45,32,3,0.09375,8,0.25,30,3,0.1,34,0,0,0,2.1917347731999914,0.8082652268000086,0.0,9.375,25.0,10.0
f62d7bb4a613ec758a03342d46b580b2,32,3,0.09375,5,0.15625,32,2,0.0625,32,0,0,0,2.1917347731999914,0.8082652268000086,0.0,9.375,15.625,6.25
213b25e6f54661939f11710a6fddb871,135,10,0.07407407407407407,52,0.3851851851851852,134,17,0.12686567164179105,138,1,1,0,9.246381074437464,0.7536189255625363,0.7246376811594203,7.4074074074074066,38.51851851851852,12.686567164179104
f45122a9ab94eb4f3f8953578bc0c560,179,13,0.07262569832402235,1,0.00558659217877095,179,29,0.16201117318435754,182,1,0,0,12.260016387587452,0.7399836124125478,0.5494505494505495,7.262569832402235,0.5586592178770949,16.201117318435752
e8f6dc8e6a1dcde89d20e3995c8d90b3,33,3,0.09090909090909091,7,0.21212121212121213,33,5,0.15151515151515152,34,1,0,0,2.2602264848624913,0.7397735151375087,2.941176470588235,9.090909090909092,21.21212121212121,15.151515151515152
1caf283236cd69af44cbc09a0a1e7d32,33,3,0.09090909090909091,1,0.030303030303030304,33,2,0.06060606060606061,33,0,0,0,2.2602264848624913,0.7397735151375087,0.0,9.090909090909092,3.0303030303030303,6.0606060606060606
3be634553519fb6536a03e1358e9fdc7,77,6,0.07792207792207792,10,0.12987012987012986,77,11,0.14285714285714285,80,0,0,0,5.273861798012479,0.7261382019875207,0.0,7.792207792207792,12.987012987012985,14.285714285714285
56642bcb79900e777d68e91915cb4267,48,4,0.08333333333333333,5,0.10416666666666667,48,7,0.14583333333333334,48,0,0,0,3.287602159799987,0.7123978402000128,0.0,8.333333333333332,10.416666666666668,14.583333333333334
04308b1ee57b6625f47df1d56f00eedf,92,7,0.07608695652173914,26,0.2826086956521739,92,18,0.1956521739130435,94,1,0,0,6.301237472949976,0.6987625270500244,1.0638297872340425,7.608695652173914,28.26086956521739,19.565217391304348
26d8a1c7c75d513045798992ead43aa2,34,3,0.08823529411764706,4,0.11764705882352941,34,3,0.08823529411764706,36,0,0,0,2.328718196524991,0.6712818034750092,0.0,8.823529411764707,11.76470588235294,8.823529411764707
6a0cbc8af2e8abd1bdfb777943d174c6,34,3,0.08823529411764706,9,0.2647058823529412,33,4,0.12121212121212122,35,0,0,0,2.328718196524991,0.6712818034750092,0.0,8.823529411764707,26.47058823529412,12.121212121212121
1ce3ae5a399804d1a87e706f8a813c3e,35,3,0.08571428571428572,1,0.02857142857142857,35,6,0.17142857142857143,35,1,1,0,2.3972099081874907,0.6027900918125093,2.857142857142857,8.571428571428571,2.857142857142857,17.142857142857142
f181738b150df1f37cb0bd72e705b193,35,3,0.08571428571428572,0,0.0,35,2,0.05714285714285714,35,1,1,0,2.3972099081874907,0.6027900918125093,2.857142857142857,8.571428571428571,0.0,5.714285714285714
6a8b085f816a1f75f92dbac6eb545f8f,123,9,0.07317073170731707,3,0.024390243902439025,123,13,0.10569105691056911,125,4,2,0,8.424480534487467,0.5755194655125333,3.2,7.317073170731707,2.4390243902439024,10.569105691056912
e24fc9fcd865784fb25705606fe3dfe7,51,4,0.0784313725490196,0,0.0,51,6,0.11764705882352941,52,0,0,0,3.4930772947874864,0.5069227052125136,0.0,7.8431372549019605,0.0,11.76470588235294
f214d28e8d8e3ef068748498ccc2f813,51,4,0.0784313725490196,4,0.0784313725490196,50,5,0.1,53,0,0,0,3.4930772947874864,0.5069227052125136,0.0,7.8431372549019605,7.8431372549019605,10.0
3b15288545f8928d3e65a8f949a28291,95,7,0.07368421052631578,2,0.021052631578947368,94,10,0.10638297872340426,98,1,1,0,6.506712607937475,0.49328739206252514,1.0204081632653061,7.368421052631578,2.1052631578947367,10.638297872340425
a420f60ff1aa9acc80d0e42959f2b313,66,5,0.07575757575757576,0,0.0,64,9,0.140625,66,1,1,0,4.520452969724983,0.4795470302750173,1.5151515151515151,7.575757575757576,0.0,14.0625
f7ccf836d21b2fb1de37564105216cc1,66,5,0.07575757575757576,1,0.015151515151515152,64,12,0.1875,67,0,0,0,4.520452969724983,0.4795470302750173,0.0,7.575757575757576,1.5151515151515151,18.75
aba1721a889e04decc910aa13b768ef4,81,6,0.07407407407407407,4,0.04938271604938271,81,8,0.09876543209876543,81,0,0,0,5.547828644662478,0.45217135533752195,0.0,7.4074074074074066,4.938271604938271,9.876543209876543
daeb5653dd96c1b11860f72209795012,38,3,0.07894736842105263,2,0.05263157894736842,38,5,0.13157894736842105,40,1,1,0,2.60268504317499,0.39731495682501006,2.5,7.894736842105263,5.263157894736842,13.157894736842104
c9aafcd0621b2207c10e32c649cada4d,38,3,0.07894736842105263,5,0.13157894736842105,38,3,0.07894736842105263,42,0,0,0,2.60268504317499,0.39731495682501006,0.0,7.894736842105263,13.157894736842104,7.894736842105263
c8b0e2b0a7095e5d8219575d5e7e1181,82,6,0.07317073170731707,0,0.0,81,12,0.14814814814814814,82,2,2,0,5.616320356324978,0.3836796436750216,2.4390243902439024,7.317073170731707,0.0,14.814814814814813
4559697a8f7e637227c2eeaed843baff,39,3,0.07692307692307693,2,0.05128205128205128,39,5,0.1282051282051282,42,3,1,1,2.6711767548374894,0.3288232451625106,7.142857142857142,7.6923076923076925,5.128205128205128,12.82051282051282
e067ad2c1c0b48758eb1b5228bcf7a68,54,4,0.07407407407407407,18,0.3333333333333333,54,6,0.1111111111111111,54,0,0,0,3.6985524297749857,0.30144757022501434,0.0,7.4074074074074066,33.33333333333333,11.11111111111111
4371b634e0efc0e22b09b52907d9d469,98,7,0.07142857142857142,3,0.030612244897959183,97,5,0.05154639175257732,99,0,0,0,6.712187742924974,0.2878122570750259,0.0,7.142857142857142,3.061224489795918,5.154639175257731
f5a590cf36251cf1162ea35bef76fe84,113,8,0.07079646017699115,13,0.11504424778761062,113,12,0.10619469026548672,117,1,0,0,7.7395634178624695,0.2604365821375305,0.8547008547008548,7.079646017699115,11.504424778761061,10.619469026548673
7a241947449cc45dbfda4f9d0798d9d0,55,4,0.07272727272727272,13,0.23636363636363636,54,6,0.1111111111111111,61,2,1,1,3.767044141437485,0.23295585856251488,3.278688524590164,7.2727272727272725,23.636363636363637,11.11111111111111
c847e075301870dd144a116762eaff9a,41,3,0.07317073170731707,0,0.0,40,6,0.15,42,1,0,0,2.808160178162489,0.1918398218375108,2.380952380952381,7.317073170731707,0.0,15.0
1da366cade6d8276e7d8beea7af5d4bf,41,3,0.07317073170731707,21,0.5121951219512195,40,6,0.15,42,0,0,0,2.808160178162489,0.1918398218375108,0.0,7.317073170731707,51.21951219512195,15.0
8a130737016f838139d31878787a39c9,56,4,0.07142857142857142,3,0.05357142857142857,56,3,0.05357142857142857,56,0,0,0,3.835535853099985,0.16446414690001498,0.0,7.142857142857142,5.357142857142857,5.357142857142857
ad420dd0c4f92f8af951ac24b86d0cf5,42,3,0.07142857142857142,2,0.047619047619047616,40,6,0.15,42,0,0,0,2.8766518898249887,0.12334811017501135,0.0,7.142857142857142,4.761904761904762,15.0
bd0389da23d89b726abf911cccc54596,86,6,0.06976744186046512,0,0.0,86,9,0.10465116279069768,86,0,0,0,5.890287202974977,0.1097127970250229,0.0,6.976744186046512,0.0,10.465116279069768
b2ba3715d723d245138f291a6fe42594,320,22,0.06875,77,0.240625,317,35,0.11041009463722397,333,5,1,1,21.917347731999914,0.08265226800008563,1.5015015015015014,6.875000000000001,24.0625,11.041009463722396
a17f621c590ea0fab3d5d883e1630ec6,58,4,0.06896551724137931,1,0.017241379310344827,56,7,0.125,60,1,0,0,3.9725192764249844,0.02748072357501563,1.6666666666666667,6.896551724137931,1.7241379310344827,12.5
6d803cb79cc31c41c4c789a75933b3c7,58,4,0.06896551724137931,0,0.0,58,5,0.08620689655172414,58,0,0,0,3.9725192764249844,0.02748072357501563,0.0,6.896551724137931,0.0,8.620689655172415
cc419e0650a3c5ba77189a1882b7556a,1646,87,0.05285540704738761,12,0.007290400972053463,1642,211,0.1285018270401949,1701,22,11,6,112.73735739647456,0.0,1.2933568489124045,5.285540704738761,0.7290400972053462,12.850182704019488
6560211a19b47992c3666cc44a7e94c0,1788,95,0.053131991051454136,10,0.005592841163310962,1774,273,0.15388951521984218,1823,15,10,2,122.46318045254952,0.0,0.8228195282501372,5.313199105145413,0.5592841163310962,15.388951521984218
da8622b14eb17ae2831f4ac5b9dab84a,1272,85,0.06682389937106918,57,0.04481132075471698,1267,134,0.10576164167324388,1275,12,7,0,87.12145723469966,0.0,0.9411764705882352,6.682389937106918,4.481132075471698,10.576164167324388
3d871de0142ce09b7081e2b9d1733cb1,1044,58,0.05555555555555555,137,0.13122605363984674,1033,103,0.09970958373668926,1060,11,5,0,71.50534697564972,0.0,1.0377358490566038,5.555555555555555,13.122605363984674,9.970958373668925
955fee9216a65b617aa5c0531780ce60,1252,77,0.06150159744408946,9,0.00718849840255591,1244,124,0.09967845659163987,1278,9,4,0,85.75162300144966,0.0,0.7042253521126761,6.1501597444089455,0.7188498402555911,9.967845659163988
2138ccb85b11a4ec1e37afbd1c8eda1f,374,18,0.0481283422459893,17,0.045454545454545456,373,60,0.16085790884718498,382,7,2,1,25.6159001617749,0.0,1.832460732984293,4.81283422459893,4.545454545454546,16.0857908847185
7a67c85e85bb2ce8582c35f2203ad736,1120,60,0.05357142857142857,31,0.027678571428571427,1112,97,0.08723021582733813,1135,6,3,0,76.7107170619997,0.0,0.5286343612334802,5.357142857142857,2.767857142857143,8.723021582733812
cca3071e3e9bb7d12640c9fbe2301306,665,32,0.0481203007518797,45,0.06766917293233082,654,110,0.16819571865443425,678,6,2,0,45.54698825556232,0.0,0.8849557522123894,4.8120300751879705,6.7669172932330826,16.819571865443425
d2374cbcbb3ca4ab1086534108cc3ab7,489,27,0.05521472392638037,49,0.10020449897750511,485,85,0.17525773195876287,499,6,3,0,33.49244700296237,0.0,1.2024048096192386,5.521472392638037,10.020449897750511,17.525773195876287
46dc3b2cc0980fb8ec44634e21d2718e,499,29,0.05811623246492986,52,0.10420841683366733,493,51,0.10344827586206896,517,5,2,1,34.17736411958737,0.0,0.9671179883945842,5.811623246492986,10.420841683366733,10.344827586206897
4d6d651bd7684af3fffabd5f08d12e5a,357,14,0.0392156862745098,40,0.11204481792717087,356,39,0.10955056179775281,363,5,4,0,24.451541063512405,0.0,1.3774104683195594,3.9215686274509802,11.204481792717088,10.955056179775282
ceaec5548eefc6e23e6607c5435102e7,197,10,0.050761421319796954,3,0.015228426395939087,194,22,0.1134020618556701,202,5,2,1,13.492867197512448,0.0,2.4752475247524752,5.0761421319796955,1.5228426395939088,11.34020618556701
a1043bafd471dff536d0c462352beb48,694,35,0.05043227665706052,5,0.007204610951008645,692,63,0.09104046242774566,710,4,2,0,47.53324789377481,0.0,0.5633802816901409,5.043227665706052,0.7204610951008645,9.104046242774565
f8db351d8c4c4c22c6835c19a46f01b0,646,28,0.043343653250773995,12,0.018575851393188854,643,57,0.08864696734059098,654,4,2,0,44.245645733974825,0.0,0.6116207951070336,4.3343653250774,1.8575851393188854,8.864696734059098
85d9eb9ddc5d00ca9336a2219c97bb13,497,11,0.022132796780684104,66,0.13279678068410464,494,44,0.08906882591093117,507,4,2,2,34.04038069626237,0.0,0.7889546351084813,2.2132796780684103,13.279678068410464,8.906882591093117
18a349e75d307f4b4cc646a691ed4216,107,6,0.056074766355140186,5,0.04672897196261682,106,27,0.25471698113207547,119,4,1,2,7.328613147887471,0.0,3.361344537815126,5.607476635514018,4.672897196261682,25.471698113207548
640e21a7d01df7614a3b4923e990d40c,105,5,0.047619047619047616,4,0.0380952380952381,105,5,0.047619047619047616,106,4,2,1,7.191629724562472,0.0,3.7735849056603774,4.761904761904762,3.8095238095238098,4.761904761904762
d91fb3b7d041e83b64a00a3edfb37e4f,524,20,0.03816793893129771,52,0.09923664122137404,520,72,0.13846153846153847,535,3,2,1,35.88965691114986,0.0,0.5607476635514018,3.816793893129771,9.923664122137405,13.846153846153847
128639473a139ac0f3e5f5ade55873a5,520,22,0.04230769230769231,46,0.08846153846153847,514,51,0.09922178988326848,526,3,2,0,35.61569006449986,0.0,0.5703422053231939,4.230769230769231,8.846153846153847,9.922178988326849
7e93a43ef30c4f03f38b393420bc753a,315,15,0.047619047619047616,25,0.07936507936507936,314,23,0.0732484076433121,332,3,1,1,21.574889173687417,0.0,0.9036144578313252,4.761904761904762,7.936507936507936,7.32484076433121
6edacfd9f9074789dad6d62ba7950b9c,196,9,0.04591836734693878,5,0.025510204081632654,196,13,0.0663265306122449,199,3,0,1,13.424375485849948,0.0,1.507537688442211,4.591836734693878,2.5510204081632653,6.63265306122449
ccc4bbb5f32a6ab2b7066a4130f114e3,181,12,0.06629834254143646,9,0.049723756906077346,180,18,0.1,184,3,1,1,12.396999810912451,0.0,1.6304347826086956,6.629834254143646,4.972375690607735,10.0
41b39e28db005d9731d9d485a83b4c38,176,9,0.05113636363636364,7,0.03977272727272727,176,21,0.11931818181818182,184,3,2,1,12.054541252599954,0.0,1.6304347826086956,5.113636363636364,3.977272727272727,11.931818181818182
9b013e03b2ab786505a1d3b5c0756754,167,7,0.041916167664670656,7,0.041916167664670656,166,19,0.1144578313253012,171,3,1,1,11.438115847637455,0.0,1.7543859649122806,4.191616766467066,4.191616766467066,11.44578313253012
669ae81880e08f269a64487cfb287169,159,7,0.0440251572327044,3,0.018867924528301886,158,17,0.10759493670886076,160,3,0,0,10.890182154337458,0.0,1.875,4.40251572327044,1.8867924528301887,10.759493670886076
3c7c4a49ec3c6550809089c6a2ca9370,135,8,0.05925925925925926,3,0.022222222222222223,135,36,0.26666666666666666,137,3,3,0,9.246381074437464,0.0,2.18978102189781,5.9259259259259265,2.2222222222222223,26.666666666666668
f4aba7c0bca51484c30ab7bdc34bcdd1,107,6,0.056074766355140186,47,0.4392523364485981,107,17,0.1588785046728972,109,3,2,0,7.328613147887471,0.0,2.7522935779816518,5.607476635514018,43.925233644859816,15.887850467289718
8e6cc767478edae941d9bd9eb778d77a,99,6,0.06060606060606061,37,0.37373737373737376,97,15,0.15463917525773196,105,3,1,1,6.780679454587474,0.0,2.857142857142857,6.0606060606060606,37.37373737373738,15.463917525773196
d05ae8f7a5bd1d2a690a44cd079e4e27,75,5,0.06666666666666667,0,0.0,74,15,0.20270270270270271,76,3,0,0,5.1368783746874795,0.0,3.9473684210526314,6.666666666666667,0.0,20.27027027027027
06579cb253ecd5a3a12a9e6eb6bf8f47,60,4,0.06666666666666667,3,0.05,60,8,0.13333333333333333,61,3,1,0,4.109502699749984,0.0,4.918032786885246,6.666666666666667,5.0,13.333333333333334
e9779976487b77c6d4ac45f75ec7afe9,631,39,0.061806656101426306,41,0.06497622820919176,628,63,0.10031847133757962,643,2,0,0,43.21827005903733,0.0,0.3110419906687403,6.180665610142631,6.497622820919176,10.031847133757962
9f505651f4a6abe901a56cdc21508025,390,16,0.041025641025641026,2,0.005128205128205128,387,35,0.09043927648578812,394,2,1,0,26.711767548374894,0.0,0.5076142131979695,4.102564102564102,0.5128205128205128,9.043927648578812
dbc22125167c298ef99da25668e1011f,383,10,0.02610966057441253,5,0.013054830287206266,382,26,0.06806282722513089,395,2,1,0,26.232325566737398,0.0,0.5063291139240507,2.610966057441253,1.3054830287206265,6.806282722513089
53243585a1d6dc2643021fd1853d8905,348,12,0.034482758620689655,24,0.06896551724137931,346,36,0.10404624277456648,358,2,0,1,23.835115658549906,0.0,0.5586592178770949,3.4482758620689653,6.896551724137931,10.404624277456648
92eb0f42c21942b6552362b9b114707d,328,16,0.04878048780487805,86,0.2621951219512195,326,45,0.13803680981595093,335,2,1,1,22.465281425299914,0.0,0.5970149253731344,4.878048780487805,26.21951219512195,13.803680981595093
5dceca129747e92ff8ef7a997dc4f8ca,317,18,0.056782334384858045,13,0.04100946372239748,313,59,0.18849840255591055,320,2,2,0,21.711872597012416,0.0,0.625,5.678233438485805,4.100946372239748,18.849840255591054
87142160b41353c4e5fca2360caf6f92,301,12,0.03986710963455149,22,0.07308970099667775,300,17,0.056666666666666664,301,2,2,0,20.61600521041242,0.0,0.6644518272425249,3.9867109634551494,7.308970099667775,5.666666666666666
fa40cc5b934574b62717c68f3d678b6d,299,16,0.05351170568561873,15,0.05016722408026756,298,21,0.07046979865771812,302,2,1,0,20.47902178708742,0.0,0.6622516556291391,5.351170568561873,5.016722408026756,7.046979865771812
a3a38f4affed601eb87a97788c949667,246,11,0.044715447154471545,3,0.012195121951219513,244,18,0.07377049180327869,249,2,1,0,16.848961068974933,0.0,0.8032128514056224,4.471544715447155,1.2195121951219512,7.377049180327869
1554a68530182680ad5c8b042c3ab563,242,15,0.06198347107438017,5,0.02066115702479339,240,22,0.09166666666666666,243,2,2,0,16.574994222324936,0.0,0.823045267489712,6.198347107438017,2.066115702479339,9.166666666666666
4b9750c8ad28220fe6702d4ecb7c898f,214,13,0.06074766355140187,12,0.056074766355140186,214,15,0.07009345794392523,215,2,0,0,14.657226295774942,0.0,0.9302325581395349,6.074766355140187,5.607476635514018,7.009345794392523
8d956fec2e4337affcb520f56fd8cbfd,208,13,0.0625,9,0.04326923076923077,208,19,0.09134615384615384,209,2,1,0,14.246276025799943,0.0,0.9569377990430622,6.25,4.326923076923077,9.134615384615383
1c129092bf23f28a5930387c980c0dfc,185,9,0.04864864864864865,48,0.2594594594594595,184,16,0.08695652173913043,186,2,1,0,12.67096665756245,0.0,1.0752688172043012,4.864864864864865,25.945945945945947,8.695652173913043
813348c996469b40f2e028d5429d3495,170,8,0.047058823529411764,4,0.023529411764705882,167,24,0.1437125748502994,177,2,1,1,11.643590982624955,0.0,1.1299435028248588,4.705882352941177,2.3529411764705883,14.37125748502994
5656537e588803a555b8eb41f07a944b,169,9,0.05325443786982249,8,0.047337278106508875,169,31,0.1834319526627219,172,2,1,0,11.575099270962454,0.0,1.1627906976744187,5.325443786982249,4.733727810650888,18.34319526627219
95e03ca3d4146e4011985981aeb959b9,168,6,0.03571428571428571,0,0.0,166,22,0.13253012048192772,171,2,1,0,11.506607559299955,0.0,1.1695906432748537,3.571428571428571,0.0,13.253012048192772
6d66611d7c44cc30ce351abc49a68421,160,9,0.05625,17,0.10625,158,24,0.1518987341772152,162,2,0,0,10.958673865999957,0.0,1.2345679012345678,5.625,10.625,15.18987341772152
2e1c9f22be269ef4643f826c9e650a52,159,10,0.06289308176100629,5,0.031446540880503145,158,16,0.10126582278481013,165,2,0,1,10.890182154337458,0.0,1.2121212121212122,6.289308176100629,3.1446540880503147,10.126582278481013
004c9cd9d87a3c30c522c48c4fc07416,155,10,0.06451612903225806,0,0.0,153,20,0.13071895424836602,157,2,1,0,10.616215307687458,0.0,1.2738853503184715,6.451612903225806,0.0,13.071895424836603
2a84855fd20af891be03bc5924d2b453,153,4,0.026143790849673203,5,0.032679738562091505,152,12,0.07894736842105263,162,2,0,0,10.47923188436246,0.0,1.2345679012345678,2.6143790849673203,3.2679738562091507,7.894736842105263
537eb890efff034a88679788b647c564,148,6,0.04054054054054054,1,0.006756756756756757,148,10,0.06756756756756757,150,2,2,0,10.13677332604996,0.0,1.3333333333333335,4.054054054054054,0.6756756756756757,6.756756756756757
36a968b544695394e4e9d7572688598f,146,5,0.03424657534246575,30,0.2054794520547945,146,31,0.21232876712328766,152,2,2,0,9.999789902724961,0.0,1.3157894736842104,3.4246575342465753,20.54794520547945,21.232876712328768
44073f8b7e41514de3b7815dd0237f4f,141,5,0.03546099290780142,16,0.11347517730496454,140,29,0.20714285714285716,143,2,1,0,9.657331344412462,0.0,1.3986013986013985,3.546099290780142,11.347517730496454,20.714285714285715
12b9676b00f60f3b700e83af21824c0e,133,1,0.007518796992481203,1,0.007518796992481203,132,5,0.03787878787878788,135,2,1,0,9.109397651112465,0.0,1.4814814814814816,0.7518796992481203,0.7518796992481203,3.787878787878788
259f7b5e6e482c230e5bfaa670b6bb8f,132,2,0.015151515151515152,1,0.007575757575757576,131,11,0.08396946564885496,134,2,1,0,9.040905939449965,0.0,1.4925373134328357,1.5151515151515151,0.7575757575757576,8.396946564885496
710e3548e02bc1d2831dfc4f1b5b14d4,129,5,0.03875968992248062,32,0.24806201550387597,128,39,0.3046875,134,2,2,0,8.835430804462465,0.0,1.4925373134328357,3.875968992248062,24.8062015503876,30.46875
01fdefa7697d26ad920e9e0346d4bd1b,127,7,0.05511811023622047,0,0.0,126,7,0.05555555555555555,128,2,1,0,8.698447381137466,0.0,1.5625,5.511811023622047,0.0,5.555555555555555
5a8e7d5003a1f221f9e1d6e411de7c23,126,5,0.03968253968253968,8,0.06349206349206349,126,15,0.11904761904761904,128,2,1,0,8.629955669474967,0.0,1.5625,3.968253968253968,6.349206349206349,11.904761904761903
8a32e327fe2c1b3511609d81aaf9f042,124,4,0.03225806451612903,3,0.024193548387096774,123,19,0.15447154471544716,130,2,1,1,8.492972246149966,0.0,1.5384615384615385,3.225806451612903,2.4193548387096775,15.447154471544716
bfd27a966d91cfaafdb25d076585f0da,114,6,0.05263157894736842,1,0.008771929824561403,113,12,0.10619469026548672,117,2,1,1,7.80805512952497,0.0,1.7094017094017095,5.263157894736842,0.8771929824561403,10.619469026548673
f80edd2c5aaa505cc4b0a3b219abf4b8,110,6,0.05454545454545454,19,0.17272727272727273,109,12,0.11009174311926606,113,2,1,0,7.53408828287497,0.0,1.7699115044247788,5.454545454545454,17.272727272727273,11.009174311926607
1b4c3a6f53068f0b6944d2d005c9fc89,108,5,0.046296296296296294,1,0.009259259259259259,107,11,0.102803738317757,110,2,1,0,7.397104859549971,0.0,1.8181818181818181,4.62962962962963,0.9259259259259258,10.2803738317757
7e3f87d16fb353f408d467e74fbd8014,90,6,0.06666666666666667,1,0.011111111111111112,90,9,0.1,91,2,1,0,6.164254049624976,0.0,2.197802197802198,6.666666666666667,1.1111111111111112,10.0
06e5eefc71ec47ae763c5c6f8db7064f,88,0,0.0,6,0.06818181818181818,86,12,0.13953488372093023,90,2,2,0,6.027270626299977,0.0,2.2222222222222223,0.0,6.8181818181818175,13.953488372093023
e8b3a3a38279a82f0e5d006d5e5b7d2c,79,3,0.0379746835443038,12,0.1518987341772152,79,12,0.1518987341772152,86,2,0,2,5.410845221337479,0.0,2.3255813953488373,3.79746835443038,15.18987341772152,15.18987341772152
516e7738bd8f735ac19a010ee5450d8d,72,2,0.027777777777777776,0,0.0,72,1,0.013888888888888888,74,2,2,0,4.93140323969998,0.0,2.7027027027027026,2.7777777777777777,0.0,1.3888888888888888
dfa0c4c6229ab200a4a1336b4d7128ff,72,1,0.013888888888888888,1,0.013888888888888888,72,10,0.1388888888888889,72,2,1,0,4.93140323969998,0.0,2.7777777777777777,1.3888888888888888,1.3888888888888888,13.88888888888889
8e8a7ce9f2f970dc00e2acf6f6e199f6,63,4,0.06349206349206349,1,0.015873015873015872,63,8,0.12698412698412698,65,2,1,0,4.314977834737483,0.0,3.076923076923077,6.349206349206349,1.5873015873015872,12.698412698412698
951e8cef368f09bb3f3d03c00ca4702c,59,4,0.06779661016949153,1,0.01694915254237288,57,7,0.12280701754385964,61,2,1,0,4.041010988087484,0.0,3.278688524590164,6.779661016949152,1.694915254237288,12.280701754385964
f7720c4fa8e3aba4546301ab80ea1f1b,57,3,0.05263157894736842,2,0.03508771929824561,57,4,0.07017543859649122,58,2,0,0,3.904027564762485,0.0,3.4482758620689653,5.263157894736842,3.508771929824561,7.017543859649122
4992e76a42cb3aad7a7047e0d3d7e729,52,3,0.057692307692307696,2,0.038461538461538464,52,9,0.17307692307692307,53,2,2,0,3.561569006449986,0.0,3.7735849056603774,5.769230769230769,3.8461538461538463,17.307692307692307
0691148aee60ca47977c187804f935ae,46,1,0.021739130434782608,3,0.06521739130434782,46,6,0.13043478260869565,46,2,1,0,3.150618736474988,0.0,4.3478260869565215,2.1739130434782608,6.521739130434782,13.043478260869565
7f7b8245c336066a1f9933c359f11d77,38,1,0.02631578947368421,1,0.02631578947368421,38,3,0.07894736842105263,38,2,1,0,2.60268504317499,0.0,5.263157894736842,2.631578947368421,2.631578947368421,7.894736842105263
53e4c6e0f4312d4d2107a8c9cddf45cd,444,22,0.04954954954954955,94,0.21171171171171171,443,55,0.12415349887133183,454,1,0,0,30.410319978149882,0.0,0.22026431718061676,4.954954954954955,21.17117117117117,12.415349887133182
c70c1b0d8ca86052f45a432a38b73958,258,14,0.05426356589147287,61,0.2364341085271318,256,22,0.0859375,259,1,0,0,17.67086160892493,0.0,0.3861003861003861,5.426356589147287,23.643410852713178,8.59375
562fc2f2c2863ab7e79a9e4388a58a14,248,8,0.03225806451612903,7,0.028225806451612902,246,22,0.08943089430894309,253,1,1,0,16.985944492299932,0.0,0.3952569169960474,3.225806451612903,2.82258064516129,8.94308943089431
0241d4d5d36f10f80c644447315af0bd,224,11,0.049107142857142856,8,0.03571428571428571,223,17,0.07623318385650224,224,1,0,0,15.34214341239994,0.0,0.4464285714285714,4.910714285714286,3.571428571428571,7.623318385650224
dc4a0fc896dc34b0d5bfec8438291c80,211,14,0.06635071090047394,13,0.061611374407582936,211,40,0.1895734597156398,217,1,1,0,14.451751160787444,0.0,0.4608294930875576,6.6350710900473935,6.161137440758294,18.95734597156398
7178f9f4dd81dcef02f62acdf8151e01,202,7,0.034653465346534656,19,0.09405940594059406,201,29,0.14427860696517414,203,1,1,0,13.835325755824947,0.0,0.49261083743842365,3.4653465346534658,9.405940594059405,14.427860696517413
cab85505710c7cb9b720bceb52b01cee,199,4,0.020100502512562814,23,0.11557788944723618,198,12,0.06060606060606061,204,1,1,0,13.629850620837447,0.0,0.49019607843137253,2.0100502512562812,11.557788944723619,6.0606060606060606
4830e40640734fc1c52cd21127c341d4,197,10,0.050761421319796954,5,0.025380710659898477,197,21,0.1065989847715736,203,1,0,1,13.492867197512448,0.0,0.49261083743842365,5.0761421319796955,2.5380710659898478,10.65989847715736
e26901d5ab434ce92fd9b5c256820a4e,196,3,0.015306122448979591,4,0.02040816326530612,196,20,0.10204081632653061,201,1,1,0,13.424375485849948,0.0,0.4975124378109453,1.530612244897959,2.0408163265306123,10.204081632653061
0c8380b62e38e8a1e6adbeba7eb9688c,170,9,0.052941176470588235,18,0.10588235294117647,169,20,0.11834319526627218,172,1,0,1,11.643590982624955,0.0,0.5813953488372093,5.294117647058823,10.588235294117647,11.834319526627219
f457c46070d02cadd8a68551231220dd,169,11,0.0650887573964497,7,0.04142011834319527,169,24,0.14201183431952663,173,1,0,0,11.575099270962454,0.0,0.5780346820809248,6.508875739644971,4.142011834319527,14.201183431952662
d98eec89afa3380e14463da2aabaea72,164,4,0.024390243902439025,9,0.054878048780487805,163,10,0.06134969325153374,164,1,1,0,11.232640712649957,0.0,0.6097560975609756,2.4390243902439024,5.487804878048781,6.134969325153374
0b90b6df587eb83608a64ea8b390cf07,158,6,0.0379746835443038,5,0.03164556962025317,157,25,0.1592356687898089,159,1,0,0,10.821690442674958,0.0,0.628930817610063,3.79746835443038,3.1645569620253164,15.92356687898089
0be8ff43f22e456b4e0371b2245e4d01,150,10,0.06666666666666667,7,0.04666666666666667,150,23,0.15333333333333332,155,1,1,0,10.273756749374959,0.0,0.6451612903225806,6.666666666666667,4.666666666666667,15.333333333333332
2528513dd95219a6013d4d05176e391a,147,6,0.04081632653061224,17,0.11564625850340136,144,18,0.125,148,1,1,0,10.06828161438746,0.0,0.6756756756756757,4.081632653061225,11.564625850340136,12.5
db4350fd57ae30082dec7acbaacc17f9,128,5,0.0390625,2,0.015625,127,12,0.09448818897637795,129,1,0,0,8.766939092799966,0.0,0.7751937984496124,3.90625,1.5625,9.448818897637794
59fb871bf6f4522a87ba567b42dafecf,123,7,0.056910569105691054,17,0.13821138211382114,123,9,0.07317073170731707,126,1,0,0,8.424480534487467,0.0,0.7936507936507936,5.691056910569105,13.821138211382115,7.317073170731707
17a053fcb14bd219540cbde0df490be0,122,7,0.05737704918032787,21,0.1721311475409836,120,10,0.08333333333333333,123,1,0,0,8.355988822824967,0.0,0.8130081300813009,5.737704918032787,17.21311475409836,8.333333333333332
79ebd9a61bac3eaf882805ed4ecfa12a,122,6,0.04918032786885246,41,0.3360655737704918,122,12,0.09836065573770492,125,1,0,0,8.355988822824967,0.0,0.8,4.918032786885246,33.60655737704918,9.836065573770492
ce27a3cc3c8cc1ea79d11e561e9bebb6,122,2,0.01639344262295082,4,0.03278688524590164,117,13,0.1111111111111111,135,1,0,1,8.355988822824967,0.0,0.7407407407407408,1.639344262295082,3.278688524590164,11.11111111111111
080102cd0a76b09e0dcf55fcacc60e05,120,5,0.041666666666666664,1,0.008333333333333333,120,4,0.03333333333333333,122,1,1,0,8.219005399499968,0.0,0.819672131147541,4.166666666666666,0.8333333333333334,3.3333333333333335
229c3efbfb0ea2058de4ccdfbc3d784a,118,2,0.01694915254237288,1,0.00847457627118644,117,30,0.2564102564102564,121,1,0,1,8.082021976174968,0.0,0.8264462809917356,1.694915254237288,0.847457627118644,25.64102564102564
1e8b33f18b4f7598d87f5cbee2282cc2,117,4,0.03418803418803419,3,0.02564102564102564,115,10,0.08695652173913043,118,1,1,0,8.013530264512468,0.0,0.847457627118644,3.418803418803419,2.564102564102564,8.695652173913043
17ca9b9e9b9ef8fdb529001b49ebb50f,112,1,0.008928571428571428,10,0.08928571428571429,112,15,0.13392857142857142,113,1,1,0,7.67107170619997,0.0,0.8849557522123894,0.8928571428571428,8.928571428571429,13.392857142857142
fc906263ca5083d09dce42fe02247800,111,0,0.0,1,0.009009009009009009,111,10,0.09009009009009009,113,1,1,0,7.602579994537471,0.0,0.8849557522123894,0.0,0.9009009009009009,9.00900900900901
1127b7f2594683f2510f1c2c834a486b,108,2,0.018518518518518517,3,0.027777777777777776,108,14,0.12962962962962962,112,1,0,0,7.397104859549971,0.0,0.8928571428571428,1.8518518518518516,2.7777777777777777,12.962962962962962
dd2bdf855a9172734fbc3744021ae9b9,105,6,0.05714285714285714,16,0.1523809523809524,101,18,0.1782178217821782,108,1,1,0,7.191629724562472,0.0,0.9259259259259258,5.714285714285714,15.238095238095239,17.82178217821782
25e6ffe976bd75618accfe16cefcbd0d,103,3,0.02912621359223301,5,0.04854368932038835,103,6,0.05825242718446602,105,1,1,0,7.054646301237472,0.0,0.9523809523809524,2.912621359223301,4.854368932038835,5.825242718446602
6c7d50c24b3ccd2fd83b44d8bb34e073,102,2,0.0196078431372549,0,0.0,102,3,0.029411764705882353,104,1,0,0,6.986154589574973,0.0,0.9615384615384616,1.9607843137254901,0.0,2.941176470588235
00fc707aaaad2d31347cf883cd2dfe10,98,4,0.04081632653061224,0,0.0,98,15,0.15306122448979592,98,1,0,0,6.712187742924974,0.0,1.0204081632653061,4.081632653061225,0.0,15.306122448979592
282f23a9769b2690c5dda22e316f9941,97,4,0.041237113402061855,6,0.061855670103092786,97,4,0.041237113402061855,98,1,0,1,6.643696031262474,0.0,1.0204081632653061,4.123711340206185,6.185567010309279,4.123711340206185
9d4db00d65d7760644ac0c14edb5fd86,97,4,0.041237113402061855,1,0.010309278350515464,96,4,0.041666666666666664,98,1,0,0,6.643696031262474,0.0,1.0204081632653061,4.123711340206185,1.0309278350515463,4.166666666666666
d94a40fd42351c259927028d163af842,93,3,0.03225806451612903,7,0.07526881720430108,92,7,0.07608695652173914,94,1,0,1,6.369729184612475,0.0,1.0638297872340425,3.225806451612903,7.526881720430108,7.608695652173914
7b07b3c7487f0ea825fc6df75abd658b,90,4,0.044444444444444446,1,0.011111111111111112,90,9,0.1,92,1,1,0,6.164254049624976,0.0,1.0869565217391304,4.444444444444445,1.1111111111111112,10.0
8444e55c1f13cd5c179851e5ca5ebd00,90,6,0.06666666666666667,22,0.24444444444444444,90,29,0.32222222222222224,97,1,0,0,6.164254049624976,0.0,1.0309278350515463,6.666666666666667,24.444444444444443,32.22222222222222
f3b80352b986ab4d1057a4b724be19d0,86,0,0.0,1,0.011627906976744186,86,10,0.11627906976744186,87,1,1,0,5.890287202974977,0.0,1.1494252873563218,0.0,1.1627906976744187,11.627906976744185
2ff97219cb8622eaf3cd89b7d9c09824,85,3,0.03529411764705882,2,0.023529411764705882,85,3,0.03529411764705882,87,1,0,1,5.821795491312478,0.0,1.1494252873563218,3.5294117647058822,2.3529411764705883,3.5294117647058822
0df3984f9dfb3d49ac6366acbd3bbb85,83,1,0.012048192771084338,2,0.024096385542168676,83,6,0.07228915662650602,84,1,1,0,5.684812067987478,0.0,1.1904761904761905,1.2048192771084338,2.4096385542168677,7.228915662650602
98dac6635aee4995d501a3972e047414,82,4,0.04878048780487805,23,0.2804878048780488,81,15,0.18518518518518517,84,1,1,0,5.616320356324978,0.0,1.1904761904761905,4.878048780487805,28.04878048780488,18.51851851851852
eeb6de78f79159600292e314a77cbd18,82,3,0.036585365853658534,0,0.0,82,5,0.06097560975609756,83,1,0,0,5.616320356324978,0.0,1.2048192771084338,3.6585365853658534,0.0,6.097560975609756
670c26e0f1bf8d0576271d5cfaec6d2b,76,4,0.05263157894736842,1,0.013157894736842105,76,5,0.06578947368421052,77,1,0,0,5.20537008634998,0.0,1.2987012987012987,5.263157894736842,1.3157894736842104,6.578947368421052
70c27847eca8195c983ed7e798c56743,75,5,0.06666666666666667,17,0.22666666666666666,75,13,0.17333333333333334,75,1,0,0,5.1368783746874795,0.0,1.3333333333333335,6.666666666666667,22.666666666666664,17.333333333333336
d12c926d74ceff0a90a21184466ce161,74,1,0.013513513513513514,0,0.0,74,5,0.06756756756756757,76,1,0,0,5.06838666302498,0.0,1.3157894736842104,1.3513513513513513,0.0,6.756756756756757
8f119a0aee85c0c8fc534629734e94fd,73,3,0.0410958904109589,9,0.1232876712328767,73,5,0.0684931506849315,75,1,0,1,4.999894951362481,0.0,1.3333333333333335,4.10958904109589,12.32876712328767,6.8493150684931505
a7f13822ceb966b076af67121f87b063,73,3,0.0410958904109589,44,0.6027397260273972,72,20,0.2777777777777778,75,1,1,0,4.999894951362481,0.0,1.3333333333333335,4.10958904109589,60.273972602739725,27.77777777777778
81a1104df0f08b59c68aa5b03cfe398e,72,3,0.041666666666666664,3,0.041666666666666664,70,5,0.07142857142857142,73,1,0,0,4.93140323969998,0.0,1.36986301369863,4.166666666666666,4.166666666666666,7.142857142857142
9de4643a8dbde634fe55621059d92273,71,2,0.028169014084507043,4,0.056338028169014086,71,3,0.04225352112676056,71,1,0,0,4.862911528037481,0.0,1.4084507042253522,2.8169014084507045,5.633802816901409,4.225352112676056
94144541854e298c2d976cb893b81343,68,3,0.04411764705882353,17,0.25,67,8,0.11940298507462686,68,1,0,0,4.657436393049982,0.0,1.4705882352941175,4.411764705882353,25.0,11.940298507462686
d50d79cb34e38265a8649c383dcffd48,68,3,0.04411764705882353,1,0.014705882352941176,67,6,0.08955223880597014,68,1,0,0,4.657436393049982,0.0,1.4705882352941175,4.411764705882353,1.4705882352941175,8.955223880597014
5f2684dab12e59f83bef73ae57724e45,67,4,0.05970149253731343,1,0.014925373134328358,67,16,0.23880597014925373,68,1,0,0,4.588944681387482,0.0,1.4705882352941175,5.970149253731343,1.4925373134328357,23.88059701492537
966cb4760537b1404caedd472cc610a5,66,2,0.030303030303030304,3,0.045454545454545456,66,8,0.12121212121212122,74,1,0,1,4.520452969724983,0.0,1.3513513513513513,3.0303030303030303,4.545454545454546,12.121212121212121
e333046ce6517bd8bb510291d44f0130,66,3,0.045454545454545456,1,0.015151515151515152,66,5,0.07575757575757576,66,1,1,0,4.520452969724983,0.0,1.5151515151515151,4.545454545454546,1.5151515151515151,7.575757575757576
8ae520247981aa06bc94abddf5f46d34,65,0,0.0,0,0.0,65,6,0.09230769230769231,65,1,1,0,4.451961258062482,0.0,1.5384615384615385,0.0,0.0,9.230769230769232
cb8bcce248bb1fb274ba762d8b971456,65,1,0.015384615384615385,1,0.015384615384615385,65,3,0.046153846153846156,67,1,0,1,4.451961258062482,0.0,1.4925373134328357,1.5384615384615385,1.5384615384615385,4.615384615384616
48162d548f5b1b11b9d29d1e01f75a61,64,1,0.015625,0,0.0,64,9,0.140625,66,1,0,1,4.383469546399983,0.0,1.5151515151515151,1.5625,0.0,14.0625
96493fab2fbb13a14d0c0e8772eef5c3,63,4,0.06349206349206349,16,0.25396825396825395,62,9,0.14516129032258066,63,1,1,0,4.314977834737483,0.0,1.5873015873015872,6.349206349206349,25.396825396825395,14.516129032258066
1838dd9b8977065acf51d95e0053ea7a,62,2,0.03225806451612903,0,0.0,62,7,0.11290322580645161,64,1,0,1,4.246486123074983,0.0,1.5625,3.225806451612903,0.0,11.29032258064516
4c18691b6037662be2df78a765d98ab5,62,4,0.06451612903225806,2,0.03225806451612903,62,11,0.1774193548387097,62,1,0,0,4.246486123074983,0.0,1.6129032258064515,6.451612903225806,3.225806451612903,17.741935483870968
4a3ccda38b2129705f3fb522db62ca31,61,4,0.06557377049180328,9,0.14754098360655737,61,11,0.18032786885245902,63,1,0,0,4.177994411412484,0.0,1.5873015873015872,6.557377049180328,14.754098360655737,18.0327868852459
76d64c4aca3a7baf218bf93ef7fa768d,61,2,0.03278688524590164,1,0.01639344262295082,61,7,0.11475409836065574,61,1,1,0,4.177994411412484,0.0,1.639344262295082,3.278688524590164,1.639344262295082,11.475409836065573
5f1dc28029d2c244352a68107ec2b542,60,1,0.016666666666666666,6,0.1,59,3,0.05084745762711865,60,1,1,0,4.109502699749984,0.0,1.6666666666666667,1.6666666666666667,10.0,5.084745762711865
91f848e9f4be368f4318775aac733370,60,1,0.016666666666666666,1,0.016666666666666666,58,3,0.05172413793103448,63,1,1,0,4.109502699749984,0.0,1.5873015873015872,1.6666666666666667,1.6666666666666667,5.172413793103448
709e16e2b25c7474d980076c6bfc4806,59,2,0.03389830508474576,2,0.03389830508474576,59,1,0.01694915254237288,59,1,0,0,4.041010988087484,0.0,1.694915254237288,3.389830508474576,3.389830508474576,1.694915254237288
b92e3c8f9738272ff7c59e111e108d7c,59,2,0.03389830508474576,6,0.1016949152542373,59,10,0.1694915254237288,59,1,0,0,4.041010988087484,0.0,1.694915254237288,3.389830508474576,10.16949152542373,16.94915254237288
05ff92fedb5be47920fea08e501238b9,57,2,0.03508771929824561,1,0.017543859649122806,57,3,0.05263157894736842,59,1,0,0,3.904027564762485,0.0,1.694915254237288,3.508771929824561,1.7543859649122806,5.263157894736842
3bdff180c7e1f6551a643b99c265a120,56,1,0.017857142857142856,1,0.017857142857142856,55,5,0.09090909090909091,59,1,0,1,3.835535853099985,0.0,1.694915254237288,1.7857142857142856,1.7857142857142856,9.090909090909092
d650b663c3b5f6fb392b6326366efa9a,56,3,0.05357142857142857,0,0.0,56,3,0.05357142857142857,59,1,0,1,3.835535853099985,0.0,1.694915254237288,5.357142857142857,0.0,5.357142857142857
1b8356dabde1d35e17cef975c3f82730,55,1,0.01818181818181818,0,0.0,55,5,0.09090909090909091,56,1,0,1,3.767044141437485,0.0,1.7857142857142856,1.8181818181818181,0.0,9.090909090909092
582d4f8675b945722eda7c0cb61ba4c7,53,1,0.018867924528301886,0,0.0,53,7,0.1320754716981132,53,1,1,0,3.6300607181124858,0.0,1.8867924528301887,1.8867924528301887,0.0,13.20754716981132
750303a20e9c56b2a6bc45cdce0b897d,53,2,0.03773584905660377,1,0.018867924528301886,53,5,0.09433962264150944,54,1,0,0,3.6300607181124858,0.0,1.8518518518518516,3.7735849056603774,1.8867924528301887,9.433962264150944
062ce95fa2ad4dfaedfc79260130565f,52,2,0.038461538461538464,11,0.21153846153846154,52,5,0.09615384615384616,53,1,0,1,3.561569006449986,0.0,1.8867924528301887,3.8461538461538463,21.153846153846153,9.615384615384617
25cf099de44674fde97473224f9d59ab,50,2,0.04,0,0.0,49,5,0.10204081632653061,50,1,0,0,3.4245855831249865,0.0,2.0,4.0,0.0,10.204081632653061
b1a81260566c1bac3114a6d124413f27,49,0,0.0,0,0.0,49,6,0.12244897959183673,49,1,1,0,3.356093871462487,0.0,2.0408163265306123,0.0,0.0,12.244897959183673
0ef83d7d83ed97cd2a0049ac8be5f88a,46,1,0.021739130434782608,0,0.0,45,7,0.15555555555555556,46,1,0,0,3.150618736474988,0.0,2.1739130434782608,2.1739130434782608,0.0,15.555555555555555
9b00ed88b7fdb95d6ff76e27c1b52d16,45,3,0.06666666666666667,2,0.044444444444444446,45,3,0.06666666666666667,46,1,0,0,3.082127024812488,0.0,2.1739130434782608,6.666666666666667,4.444444444444445,6.666666666666667
c68fb906c8f4b4b946d8386bfa6e5467,45,1,0.022222222222222223,0,0.0,44,3,0.06818181818181818,45,1,1,0,3.082127024812488,0.0,2.2222222222222223,2.2222222222222223,0.0,6.8181818181818175
382229d1e840115ffe3dbf5ff460e417,44,3,0.06818181818181818,1,0.022727272727272728,44,5,0.11363636363636363,45,1,1,0,3.0136353131499884,0.0,2.2222222222222223,6.8181818181818175,2.272727272727273,11.363636363636363
abcd2cb37d46c2c8fb1bf071c859fc5b,42,2,0.047619047619047616,2,0.047619047619047616,42,1,0.023809523809523808,43,1,0,0,2.8766518898249887,0.0,2.3255813953488373,4.761904761904762,4.761904761904762,2.380952380952381
3d8fa2f5b647373c8620330c4e077a9f,41,1,0.024390243902439025,3,0.07317073170731707,40,4,0.1,42,1,1,0,2.808160178162489,0.0,2.380952380952381,2.4390243902439024,7.317073170731707,10.0
b39d7fe263ef469605dbb32608aee0af,40,2,0.05,2,0.05,39,6,0.15384615384615385,40,1,1,0,2.7396684664999893,0.0,2.5,5.0,5.0,15.384615384615385
c013e57c075a06e5b5c48ee03c525719,40,2,0.05,1,0.025,40,3,0.075,40,1,1,0,2.7396684664999893,0.0,2.5,5.0,2.5,7.5
efcd8d2104f1a05d028af7bad20d974b,40,1,0.025,1,0.025,40,2,0.05,41,1,1,0,2.7396684664999893,0.0,2.4390243902439024,2.5,2.5,5.0
113e3a788b935f48aad63e1c41dac1bd,39,2,0.05128205128205128,2,0.05128205128205128,38,2,0.05263157894736842,39,1,1,0,2.6711767548374894,0.0,2.564102564102564,5.128205128205128,5.128205128205128,5.263157894736842
b94cc9f10ddc85e4ba73a6f7974e7101,39,2,0.05128205128205128,0,0.0,37,5,0.13513513513513514,39,1,0,0,2.6711767548374894,0.0,2.564102564102564,5.128205128205128,0.0,13.513513513513514
55a5b51f93f2b70ea513f5a047b0262a,38,1,0.02631578947368421,3,0.07894736842105263,38,1,0.02631578947368421,38,1,1,0,2.60268504317499,0.0,2.631578947368421,2.631578947368421,7.894736842105263,2.631578947368421
5a93f3ab0ef4c84ed5e1b5dbf23978bc,38,1,0.02631578947368421,0,0.0,38,1,0.02631578947368421,39,1,0,0,2.60268504317499,0.0,2.564102564102564,2.631578947368421,0.0,2.631578947368421
ba90964cff9b9e0e6f32b23b82465f7b,38,2,0.05263157894736842,0,0.0,38,2,0.05263157894736842,38,1,0,0,2.60268504317499,0.0,2.631578947368421,5.263157894736842,0.0,5.263157894736842
594f9aaa48e5bf431f011ddc5669b0d5,37,1,0.02702702702702703,0,0.0,37,1,0.02702702702702703,37,1,1,0,2.53419333151249,0.0,2.7027027027027026,2.7027027027027026,0.0,2.7027027027027026
bacb1f0ed56ad24198f5810d2b3fe9a5,37,1,0.02702702702702703,2,0.05405405405405406,36,3,0.08333333333333333,41,1,0,0,2.53419333151249,0.0,2.4390243902439024,2.7027027027027026,5.405405405405405,8.333333333333332
6338ea67c41078a46ad99cc009654956,36,0,0.0,8,0.2222222222222222,34,2,0.058823529411764705,36,1,1,0,2.46570161984999,0.0,2.7777777777777777,0.0,22.22222222222222,5.88235294117647
32b8764b4ef628b53608fc34011fcc13,35,1,0.02857142857142857,2,0.05714285714285714,35,2,0.05714285714285714,35,1,1,0,2.3972099081874907,0.0,2.857142857142857,2.857142857142857,5.714285714285714,5.714285714285714
66dc1b1632bd6a3e508510c5b3492107,35,1,0.02857142857142857,0,0.0,35,8,0.22857142857142856,36,1,1,0,2.3972099081874907,0.0,2.7777777777777777,2.857142857142857,0.0,22.857142857142858
99002261c568a84cce14d43fcffb43ea,35,2,0.05714285714285714,17,0.4857142857142857,35,6,0.17142857142857143,35,1,0,0,2.3972099081874907,0.0,2.857142857142857,5.714285714285714,48.57142857142857,17.142857142857142
bba74270a87732727b5a3b4fd9ac1c39,35,0,0.0,1,0.02857142857142857,35,5,0.14285714285714285,36,1,1,0,2.3972099081874907,0.0,2.7777777777777777,0.0,2.857142857142857,14.285714285714285
bf84056e679dbe9c69929847a40e338f,35,2,0.05714285714285714,6,0.17142857142857143,35,6,0.17142857142857143,36,1,0,0,2.3972099081874907,0.0,2.7777777777777777,5.714285714285714,17.142857142857142,17.142857142857142
dc8798cbf453b7e0f98745e396cc5616,35,2,0.05714285714285714,12,0.34285714285714286,35,11,0.3142857142857143,41,1,0,0,2.3972099081874907,0.0,2.4390243902439024,5.714285714285714,34.285714285714285,31.428571428571427
42bde9fef835393bb8a8849cb6b7f245,34,1,0.029411764705882353,1,0.029411764705882353,34,2,0.058823529411764705,35,1,1,0,2.328718196524991,0.0,2.857142857142857,2.941176470588235,2.941176470588235,5.88235294117647
276677b5d08786d5dce7c2149dcce48b,31,2,0.06451612903225806,1,0.03225806451612903,31,6,0.1935483870967742,33,1,0,1,2.1232430615374915,0.0,3.0303030303030303,6.451612903225806,3.225806451612903,19.35483870967742
f00e21b1e91a79653163b7fd8f293ff1,31,1,0.03225806451612903,0,0.0,30,4,0.13333333333333333,31,1,1,0,2.1232430615374915,0.0,3.225806451612903,3.225806451612903,0.0,13.333333333333334
72c5da29406b4234927b81855e7b64f6,30,1,0.03333333333333333,0,0.0,30,3,0.1,30,1,1,0,2.054751349874992,0.0,3.3333333333333335,3.3333333333333335,0.0,10.0
ea67327e24487bdfac5fbfa37ea124df,30,1,0.03333333333333333,1,0.03333333333333333,30,6,0.2,30,1,1,0,2.054751349874992,0.0,3.3333333333333335,3.3333333333333335,3.3333333333333335,20.0
de722cd6dad950a92b7d4f82673f8833,335,12,0.03582089552238806,8,0.023880597014925373,334,29,0.08682634730538923,337,0,0,0,22.94472340693741,0.0,0.0,3.582089552238806,2.3880597014925375,8.682634730538922
7299e27ed73d2ad986de7f7c77d919fa,330,14,0.04242424242424243,5,0.015151515151515152,330,22,0.06666666666666667,333,0,0,0,22.602264848624912,0.0,0.0,4.242424242424243,1.5151515151515151,6.666666666666667
c3cfdc648177fdbbbb35635a37472c53,273,4,0.014652014652014652,3,0.01098901098901099,272,17,0.0625,273,0,0,0,18.698237283862426,0.0,0.0,1.465201465201465,1.098901098901099,6.25
37be5a7c751166fbc5f8ccba4119e043,269,7,0.026022304832713755,9,0.03345724907063197,266,24,0.09022556390977443,272,0,0,0,18.424270437212428,0.0,0.0,2.6022304832713754,3.3457249070631967,9.022556390977442
1da3aeb70d7989d1e6d9b0e887f97c23,254,12,0.047244094488188976,9,0.03543307086614173,253,30,0.11857707509881422,258,0,0,0,17.396894762274933,0.0,0.0,4.724409448818897,3.543307086614173,11.857707509881422
0ea22c1cfbdc755f86b9b54b39c16043,219,2,0.0091324200913242,3,0.0136986301369863,216,8,0.037037037037037035,222,0,0,0,14.999684854087441,0.0,0.0,0.91324200913242,1.36986301369863,3.7037037037037033
001cca7ae9ae17fb1caed9dfb1094831,194,12,0.061855670103092786,11,0.05670103092783505,191,26,0.13612565445026178,199,0,0,0,13.287392062524948,0.0,0.0,6.185567010309279,5.670103092783505,13.612565445026178
c003204e1ab016dfa150abc119207b24,194,10,0.05154639175257732,2,0.010309278350515464,194,8,0.041237113402061855,196,0,0,0,13.287392062524948,0.0,0.0,5.154639175257731,1.0309278350515463,4.123711340206185
850f4f8af5ea87287ac68de36e29107f,182,9,0.04945054945054945,0,0.0,179,15,0.08379888268156424,183,0,0,0,12.46549152257495,0.0,0.0,4.945054945054945,0.0,8.379888268156424
86ccac0b835037332a596a33b6949ee1,169,4,0.023668639053254437,2,0.011834319526627219,169,18,0.10650887573964497,171,0,0,0,11.575099270962454,0.0,0.0,2.366863905325444,1.183431952662722,10.650887573964498
1a3df491d1c4f1589fc2b934ada68bf2,160,6,0.0375,13,0.08125,160,15,0.09375,167,0,0,0,10.958673865999957,0.0,0.0,3.75,8.125,9.375
b76dba6c951ab00dc4edf0a1aa88037e,157,5,0.03184713375796178,5,0.03184713375796178,155,16,0.1032258064516129,159,0,0,0,10.753198731012459,0.0,0.0,3.1847133757961785,3.1847133757961785,10.32258064516129
6cd68b3ed6d59aaa9fece558ad360c0a,145,2,0.013793103448275862,0,0.0,145,4,0.027586206896551724,145,0,0,0,9.931298191062462,0.0,0.0,1.3793103448275863,0.0,2.7586206896551726
5cf13accae3222c70a9cac40818ae839,142,3,0.02112676056338028,1,0.007042253521126761,141,7,0.04964539007092199,143,0,0,0,9.725823056074962,0.0,0.0,2.112676056338028,0.7042253521126761,4.964539007092199
b4ffb71f0cb1b1c3d63fad021ecf93e1,139,3,0.02158273381294964,2,0.014388489208633094,139,13,0.09352517985611511,140,0,0,0,9.520347921087463,0.0,0.0,2.158273381294964,1.4388489208633095,9.352517985611511
1c68394e931a64f90ea236c5ea590300,132,5,0.03787878787878788,13,0.09848484848484848,132,19,0.14393939393939395,132,0,0,0,9.040905939449965,0.0,0.0,3.787878787878788,9.848484848484848,14.393939393939394
0bae85eb84b9fb3bd773911e89288d54,130,1,0.007692307692307693,0,0.0,130,8,0.06153846153846154,131,0,0,0,8.903922516124965,0.0,0.0,0.7692307692307693,0.0,6.153846153846154
0db783cfcd3b73998abc6e10e59a102f,130,5,0.038461538461538464,14,0.1076923076923077,129,16,0.12403100775193798,130,0,0,0,8.903922516124965,0.0,0.0,3.8461538461538463,10.76923076923077,12.4031007751938
aafe36600ce604f205b86b5084d3d767,127,5,0.03937007874015748,6,0.047244094488188976,127,12,0.09448818897637795,127,0,0,0,8.698447381137466,0.0,0.0,3.937007874015748,4.724409448818897,9.448818897637794
7722b1df1b0e383e000397b2c11e3e19,126,4,0.031746031746031744,2,0.015873015873015872,126,13,0.10317460317460317,127,0,0,0,8.629955669474967,0.0,0.0,3.1746031746031744,1.5873015873015872,10.317460317460316
7008613ea464bad5cb9b83456e1e6a8f,123,6,0.04878048780487805,4,0.032520325203252036,122,9,0.07377049180327869,127,0,0,0,8.424480534487467,0.0,0.0,4.878048780487805,3.2520325203252036,7.377049180327869
c33847515fa6305ce6feb1e818569f13,108,4,0.037037037037037035,1,0.009259259259259259,108,21,0.19444444444444445,108,0,0,0,7.397104859549971,0.0,0.0,3.7037037037037033,0.9259259259259258,19.444444444444446
612170e34b97004b3ba37eae81836b4c,106,1,0.009433962264150943,3,0.02830188679245283,106,8,0.07547169811320754,106,0,0,0,7.2601214362249715,0.0,0.0,0.9433962264150944,2.8301886792452833,7.547169811320755
8c16d1f32a54d92897cc437244442e1b,106,1,0.009433962264150943,2,0.018867924528301886,105,7,0.06666666666666667,106,0,0,0,7.2601214362249715,0.0,0.0,0.9433962264150944,1.8867924528301887,6.666666666666667
70eea00b476a314817cefde4aad4f89a,104,7,0.0673076923076923,4,0.038461538461538464,103,7,0.06796116504854369,106,0,0,0,7.123138012899972,0.0,0.0,6.730769230769231,3.8461538461538463,6.796116504854369
0adac9fbd9a2b63cccaac4f8756c1ca8,103,6,0.05825242718446602,16,0.1553398058252427,103,11,0.10679611650485436,107,0,0,0,7.054646301237472,0.0,0.0,5.825242718446602,15.53398058252427,10.679611650485436
289cdb325fb7e7f891c38608bf9e0962,103,2,0.019417475728155338,1,0.009708737864077669,103,4,0.038834951456310676,104,0,0,0,7.054646301237472,0.0,0.0,1.9417475728155338,0.9708737864077669,3.8834951456310676
aaed1309374718fdd995ee4c58c9dfcd,103,3,0.02912621359223301,3,0.02912621359223301,103,13,0.1262135922330097,104,0,0,0,7.054646301237472,0.0,0.0,2.912621359223301,2.912621359223301,12.62135922330097
dbb9b48c841a0e39e21f98e1a6b2ec3e,103,4,0.038834951456310676,6,0.05825242718446602,103,10,0.0970873786407767,103,0,0,0,7.054646301237472,0.0,0.0,3.8834951456310676,5.825242718446602,9.70873786407767
33a6f4b1e7cdc205511e76ba1b6e0186,100,2,0.02,2,0.02,100,7,0.07,100,0,0,0,6.849171166249973,0.0,0.0,2.0,2.0,7.000000000000001
ac3508719a1d8f5b7614b798f70af136,99,2,0.020202020202020204,1,0.010101010101010102,98,3,0.030612244897959183,101,0,0,0,6.780679454587474,0.0,0.0,2.0202020202020203,1.0101010101010102,3.061224489795918
5c243662ce92d84573bfaff24c3e3700,98,1,0.01020408163265306,5,0.05102040816326531,97,10,0.10309278350515463,98,0,0,0,6.712187742924974,0.0,0.0,1.0204081632653061,5.1020408163265305,10.309278350515463
febab0275244b9a49a623f0bd613ca2f,98,4,0.04081632653061224,1,0.01020408163265306,98,5,0.05102040816326531,101,0,0,0,6.712187742924974,0.0,0.0,4.081632653061225,1.0204081632653061,5.1020408163265305
530ec6109d11eaaf87999465c6afee01,94,1,0.010638297872340425,6,0.06382978723404255,94,8,0.0851063829787234,97,0,0,0,6.4382208962749745,0.0,0.0,1.0638297872340425,6.382978723404255,8.51063829787234
80e6699fe29150b372a0c8a1ebf7dcc8,94,3,0.031914893617021274,3,0.031914893617021274,93,6,0.06451612903225806,96,0,0,0,6.4382208962749745,0.0,0.0,3.1914893617021276,3.1914893617021276,6.451612903225806
7ea5bfa6c340f58f8e71fc1f0412b0d6,92,6,0.06521739130434782,1,0.010869565217391304,91,5,0.054945054945054944,94,0,0,0,6.301237472949976,0.0,0.0,6.521739130434782,1.0869565217391304,5.4945054945054945
827f8f69dfa529c561901c4f2e0f332f,91,6,0.06593406593406594,31,0.34065934065934067,89,10,0.11235955056179775,91,0,0,0,6.232745761287475,0.0,0.0,6.593406593406594,34.065934065934066,11.235955056179774
9616352088dcf83a7c06637f4ebf1c80,91,0,0.0,4,0.04395604395604396,91,7,0.07692307692307693,92,0,0,0,6.232745761287475,0.0,0.0,0.0,4.395604395604396,7.6923076923076925
ff063b022a9a0aab91bad2c9088760b7,91,3,0.03296703296703297,5,0.054945054945054944,91,6,0.06593406593406594,91,0,0,0,6.232745761287475,0.0,0.0,3.296703296703297,5.4945054945054945,6.593406593406594
8a432f4e5b471f8da497d7dc517666e2,89,2,0.02247191011235955,1,0.011235955056179775,88,9,0.10227272727272728,89,0,0,0,6.095762337962476,0.0,0.0,2.247191011235955,1.1235955056179776,10.227272727272728
dee656f0f566ed1aa85bd137c943f08f,89,4,0.0449438202247191,2,0.02247191011235955,89,6,0.06741573033707865,90,0,0,0,6.095762337962476,0.0,0.0,4.49438202247191,2.247191011235955,6.741573033707865
725c32fa80c2faacc4fc88450d27314e,88,1,0.011363636363636364,0,0.0,86,2,0.023255813953488372,88,0,0,0,6.027270626299977,0.0,0.0,1.1363636363636365,0.0,2.3255813953488373
d6b1ce66b035a475f00c017792ff9769,88,5,0.056818181818181816,3,0.03409090909090909,87,5,0.05747126436781609,88,0,0,0,6.027270626299977,0.0,0.0,5.681818181818182,3.4090909090909087,5.747126436781609
0509040ea3fe50071181bbc359eb7738,87,4,0.04597701149425287,4,0.04597701149425287,86,1,0.011627906976744186,89,0,0,0,5.9587789146374766,0.0,0.0,4.597701149425287,4.597701149425287,1.1627906976744187
9674754b5a0cb32b638cec001178f799,83,2,0.024096385542168676,5,0.060240963855421686,83,12,0.14457831325301204,85,0,0,0,5.684812067987478,0.0,0.0,2.4096385542168677,6.024096385542169,14.457831325301203
bd23da7354813347129d751591d1a6e2,83,2,0.024096385542168676,3,0.03614457831325301,82,12,0.14634146341463414,86,0,0,0,5.684812067987478,0.0,0.0,2.4096385542168677,3.614457831325301,14.634146341463413
dbd66278cbfe1aa1000f90a217ca4695,83,3,0.03614457831325301,1,0.012048192771084338,83,1,0.012048192771084338,83,0,0,0,5.684812067987478,0.0,0.0,3.614457831325301,1.2048192771084338,1.2048192771084338
4e7c18b98d84e05cbae3ff0ff03846c2,80,3,0.0375,3,0.0375,79,14,0.17721518987341772,81,0,0,0,5.479336932999979,0.0,0.0,3.75,3.75,17.72151898734177
ebd2d60905fb58271facef5596b620d3,80,3,0.0375,4,0.05,80,8,0.1,82,0,0,0,5.479336932999979,0.0,0.0,3.75,5.0,10.0
080199a181c46c657dc5aa235411be3b,79,1,0.012658227848101266,2,0.02531645569620253,78,1,0.01282051282051282,79,0,0,0,5.410845221337479,0.0,0.0,1.2658227848101267,2.5316455696202533,1.282051282051282
1bb2bdb95f4841f1bba2c0d2cd83d3c9,79,5,0.06329113924050633,16,0.20253164556962025,78,3,0.038461538461538464,81,0,0,0,5.410845221337479,0.0,0.0,6.329113924050633,20.253164556962027,3.8461538461538463
8bb48dc19fccaa8613b6229bf7f452a2,79,2,0.02531645569620253,2,0.02531645569620253,79,5,0.06329113924050633,79,0,0,0,5.410845221337479,0.0,0.0,2.5316455696202533,2.5316455696202533,6.329113924050633
0432ead42b6c8a0bdf68154add917fdf,78,2,0.02564102564102564,1,0.01282051282051282,78,4,0.05128205128205128,81,0,0,0,5.342353509674979,0.0,0.0,2.564102564102564,1.282051282051282,5.128205128205128
609e1a9a6c2539919b8205cf7c4e6ff0,78,1,0.01282051282051282,8,0.10256410256410256,76,12,0.15789473684210525,78,0,0,0,5.342353509674979,0.0,0.0,1.282051282051282,10.256410256410255,15.789473684210526
6b243f80ed07b10f0e8aa0f21a205f3c,77,3,0.03896103896103896,0,0.0,77,8,0.1038961038961039,77,0,0,0,5.273861798012479,0.0,0.0,3.896103896103896,0.0,10.38961038961039
744dac408745240a2c2528fb1b6028f3,77,1,0.012987012987012988,3,0.03896103896103896,77,2,0.025974025974025976,78,0,0,0,5.273861798012479,0.0,0.0,1.2987012987012987,3.896103896103896,2.5974025974025974
d921b68bf747894be13a97ae52b0f386,76,1,0.013157894736842105,2,0.02631578947368421,76,3,0.039473684210526314,76,0,0,0,5.20537008634998,0.0,0.0,1.3157894736842104,2.631578947368421,3.9473684210526314
1f9ab4708f3056ede07124aad39a2554,75,4,0.05333333333333334,10,0.13333333333333333,74,5,0.06756756756756757,77,0,0,0,5.1368783746874795,0.0,0.0,5.333333333333334,13.333333333333334,6.756756756756757
701938c450705b8ae65fc923b70f35c7,74,3,0.04054054054054054,10,0.13513513513513514,73,9,0.1232876712328767,75,0,0,0,5.06838666302498,0.0,0.0,4.054054054054054,13.513513513513514,12.32876712328767
688756f717c462a206ad854c5027a64a,72,3,0.041666666666666664,10,0.1388888888888889,71,11,0.15492957746478872,74,0,0,0,4.93140323969998,0.0,0.0,4.166666666666666,13.88888888888889,15.492957746478872
08633c14ef2db992c11f840f04fad4cd,71,4,0.056338028169014086,0,0.0,71,5,0.07042253521126761,71,0,0,0,4.862911528037481,0.0,0.0,5.633802816901409,0.0,7.042253521126761
9646c3513289980f17226a2fc4720dbd,69,2,0.028985507246376812,1,0.014492753623188406,69,4,0.057971014492753624,71,0,0,0,4.725928104712482,0.0,0.0,2.898550724637681,1.4492753623188406,5.797101449275362
9e6229250fedbe05838fef417b74e7fb,67,2,0.029850746268656716,8,0.11940298507462686,67,7,0.1044776119402985,68,0,0,0,4.588944681387482,0.0,0.0,2.9850746268656714,11.940298507462686,10.44776119402985
ca3bd7cd9f149df75950150d010fe4a2,67,1,0.014925373134328358,8,0.11940298507462686,67,10,0.14925373134328357,70,0,0,0,4.588944681387482,0.0,0.0,1.4925373134328357,11.940298507462686,14.925373134328357
30a2f535bb48308f991d0b9ad4a8c4bb,66,2,0.030303030303030304,0,0.0,66,5,0.07575757575757576,66,0,0,0,4.520452969724983,0.0,0.0,3.0303030303030303,0.0,7.575757575757576
834f3294fba9f932f56edc879193f925,65,4,0.06153846153846154,4,0.06153846153846154,65,3,0.046153846153846156,65,0,0,0,4.451961258062482,0.0,0.0,6.153846153846154,6.153846153846154,4.615384615384616
9d5a9018aee56acb367ba9c3f05d1d6a,65,1,0.015384615384615385,11,0.16923076923076924,65,6,0.09230769230769231,66,0,0,0,4.451961258062482,0.0,0.0,1.5384615384615385,16.923076923076923,9.230769230769232
066a6914e1ebf3ea95a216c73a986b91,64,2,0.03125,8,0.125,64,7,0.109375,66,0,0,0,4.383469546399983,0.0,0.0,3.125,12.5,10.9375
8cbac7e12637ed9cffa18c7875207478,64,4,0.0625,4,0.0625,64,5,0.078125,65,0,0,0,4.383469546399983,0.0,0.0,6.25,6.25,7.8125
d566c37fa119d5e66c4e9052e83ee4ea,64,0,0.0,1,0.015625,63,2,0.031746031746031744,64,0,0,0,4.383469546399983,0.0,0.0,0.0,1.5625,3.1746031746031744
5b925e1d006e9476d738aa200751b73b,63,4,0.06349206349206349,0,0.0,63,3,0.047619047619047616,63,0,0,0,4.314977834737483,0.0,0.0,6.349206349206349,0.0,4.761904761904762
b372ee768ed69e46ca8cdbd267aa7a38,63,0,0.0,0,0.0,63,6,0.09523809523809523,63,0,0,0,4.314977834737483,0.0,0.0,0.0,0.0,9.523809523809524
05d2173d43ea568aa0540eba70d2ca76,62,3,0.04838709677419355,0,0.0,60,7,0.11666666666666667,62,0,0,0,4.246486123074983,0.0,0.0,4.838709677419355,0.0,11.666666666666666
520b493b57809f446cb0a233bb3e25c7,62,1,0.016129032258064516,2,0.03225806451612903,62,5,0.08064516129032258,62,0,0,0,4.246486123074983,0.0,0.0,1.6129032258064515,3.225806451612903,8.064516129032258
822166ed1e47908f7cfb49946d03c726,62,1,0.016129032258064516,9,0.14516129032258066,61,11,0.18032786885245902,62,0,0,0,4.246486123074983,0.0,0.0,1.6129032258064515,14.516129032258066,18.0327868852459
4e17c65a516f69d023a2ae78b84f28d6,61,3,0.04918032786885246,8,0.13114754098360656,61,11,0.18032786885245902,61,0,0,0,4.177994411412484,0.0,0.0,4.918032786885246,13.114754098360656,18.0327868852459
cce6ab8d1682639fe45ab70234f1665f,61,2,0.03278688524590164,8,0.13114754098360656,61,3,0.04918032786885246,63,0,0,0,4.177994411412484,0.0,0.0,3.278688524590164,13.114754098360656,4.918032786885246
57e632711dec9ec14ca7546769483e7e,60,0,0.0,0,0.0,60,3,0.05,60,0,0,0,4.109502699749984,0.0,0.0,0.0,0.0,5.0
d57e18d5f73c7ccb7f7339b61166898d,60,0,0.0,1,0.016666666666666666,60,5,0.08333333333333333,60,0,0,0,4.109502699749984,0.0,0.0,0.0,1.6666666666666667,8.333333333333332
01cf7e3d21494c41fb86034f2e714fa1,59,3,0.05084745762711865,1,0.01694915254237288,58,7,0.1206896551724138,61,0,0,0,4.041010988087484,0.0,0.0,5.084745762711865,1.694915254237288,12.068965517241379
058fd0aa2bfdb2274e05e1ae971dabb6,59,4,0.06779661016949153,0,0.0,59,5,0.0847457627118644,60,0,0,0,4.041010988087484,0.0,0.0,6.779661016949152,0.0,8.47457627118644
116ccb1a1604bc88e4d234a8c23f33de,59,2,0.03389830508474576,0,0.0,59,1,0.01694915254237288,59,0,0,0,4.041010988087484,0.0,0.0,3.389830508474576,0.0,1.694915254237288
0c7533c71df861ec58ad7ff999ed0e8d,58,3,0.05172413793103448,9,0.15517241379310345,58,8,0.13793103448275862,58,0,0,0,3.9725192764249844,0.0,0.0,5.172413793103448,15.517241379310345,13.793103448275861
c864036feaab8c1659f65ea4faebe1da,58,2,0.034482758620689655,0,0.0,58,3,0.05172413793103448,58,0,0,0,3.9725192764249844,0.0,0.0,3.4482758620689653,0.0,5.172413793103448
fcb5ace8bcc92f75707dc0f01a27d269,58,2,0.034482758620689655,7,0.1206896551724138,57,7,0.12280701754385964,61,0,0,0,3.9725192764249844,0.0,0.0,3.4482758620689653,12.068965517241379,12.280701754385964
376a891762bbdecbc02b4b6adec3fdda,57,2,0.03508771929824561,0,0.0,57,1,0.017543859649122806,57,0,0,0,3.904027564762485,0.0,0.0,3.508771929824561,0.0,1.7543859649122806
aced59e9b31ef866a94f9e7f29d8d418,57,2,0.03508771929824561,2,0.03508771929824561,57,3,0.05263157894736842,57,0,0,0,3.904027564762485,0.0,0.0,3.508771929824561,3.508771929824561,5.263157894736842
e882b2a25a10b9c057cc49695f222c19,57,0,0.0,6,0.10526315789473684,57,3,0.05263157894736842,57,0,0,0,3.904027564762485,0.0,0.0,0.0,10.526315789473683,5.263157894736842
3078096983cf766a32a06257648502d1,56,2,0.03571428571428571,1,0.017857142857142856,56,6,0.10714285714285714,59,0,0,0,3.835535853099985,0.0,0.0,3.571428571428571,1.7857142857142856,10.714285714285714
b6d44737c043328708f6749c2dbe50bd,56,3,0.05357142857142857,1,0.017857142857142856,56,3,0.05357142857142857,57,0,0,0,3.835535853099985,0.0,0.0,5.357142857142857,1.7857142857142856,5.357142857142857
c6bda72e4dbf5c5866b13cb1810c6d03,55,2,0.03636363636363636,3,0.05454545454545454,55,3,0.05454545454545454,55,0,0,0,3.767044141437485,0.0,0.0,3.6363636363636362,5.454545454545454,5.454545454545454
cc63f0dd2acba93ffed4fe9f8e0321fa,55,0,0.0,3,0.05454545454545454,55,5,0.09090909090909091,55,0,0,0,3.767044141437485,0.0,0.0,0.0,5.454545454545454,9.090909090909092
2dee2ce60de9709b1a24083217181a1f,54,1,0.018518518518518517,0,0.0,54,3,0.05555555555555555,54,0,0,0,3.6985524297749857,0.0,0.0,1.8518518518518516,0.0,5.555555555555555
d9bd94811c3338dceb4181f3dbc0c73e,54,3,0.05555555555555555,1,0.018518518518518517,54,2,0.037037037037037035,54,0,0,0,3.6985524297749857,0.0,0.0,5.555555555555555,1.8518518518518516,3.7037037037037033
dc317f341ab0e22f39acbd9dbf9b4a1f,54,3,0.05555555555555555,2,0.037037037037037035,54,9,0.16666666666666666,54,0,0,0,3.6985524297749857,0.0,0.0,5.555555555555555,3.7037037037037033,16.666666666666664
6c177e38df6d3f34182b1f1d427231bf,53,1,0.018867924528301886,18,0.33962264150943394,53,7,0.1320754716981132,55,0,0,0,3.6300607181124858,0.0,0.0,1.8867924528301887,33.9622641509434,13.20754716981132
a5cba26a62b8b4d0145b68b841e62e7f,53,1,0.018867924528301886,7,0.1320754716981132,53,2,0.03773584905660377,54,0,0,0,3.6300607181124858,0.0,0.0,1.8867924528301887,13.20754716981132,3.7735849056603774
3504c0cb71d7fa48d967e0e4c94d59d9,52,0,0.0,0,0.0,52,1,0.019230769230769232,52,0,0,0,3.561569006449986,0.0,0.0,0.0,0.0,1.9230769230769231
2b3e4a2a3ea8e01938cabda2a3e5cc79,51,0,0.0,3,0.058823529411764705,51,3,0.058823529411764705,51,0,0,0,3.4930772947874864,0.0,0.0,0.0,5.88235294117647,5.88235294117647
45d33f715e24d15a6ccf5c17b3a23e3c,51,3,0.058823529411764705,12,0.23529411764705882,51,2,0.0392156862745098,54,0,0,0,3.4930772947874864,0.0,0.0,5.88235294117647,23.52941176470588,3.9215686274509802
7202e2ba20579a9bd1acb29e61fe71f6,51,2,0.0392156862745098,2,0.0392156862745098,50,8,0.16,53,0,0,0,3.4930772947874864,0.0,0.0,3.9215686274509802,3.9215686274509802,16.0
d9a84e1403de8da0c3aa531d6d108ba6,51,3,0.058823529411764705,0,0.0,51,1,0.0196078431372549,52,0,0,0,3.4930772947874864,0.0,0.0,5.88235294117647,0.0,1.9607843137254901
fa1a9dec3a9940c072684a46728bf1fc,51,0,0.0,18,0.35294117647058826,51,5,0.09803921568627451,51,0,0,0,3.4930772947874864,0.0,0.0,0.0,35.294117647058826,9.803921568627452
2a7dc43cecabf23403078e2188437d1d,50,3,0.06,7,0.14,50,5,0.1,50,0,0,0,3.4245855831249865,0.0,0.0,6.0,14.000000000000002,10.0
7d456afc660226829370f3173d14520c,50,2,0.04,1,0.02,50,4,0.08,51,0,0,0,3.4245855831249865,0.0,0.0,4.0,2.0,8.0
751bdc4d83a466c7206cd42e8f426b03,49,1,0.02040816326530612,3,0.061224489795918366,47,9,0.19148936170212766,52,0,0,0,3.356093871462487,0.0,0.0,2.0408163265306123,6.122448979591836,19.148936170212767
729b2d09b2a0bdab221076327f13d050,48,2,0.041666666666666664,5,0.10416666666666667,48,2,0.041666666666666664,49,0,0,0,3.287602159799987,0.0,0.0,4.166666666666666,10.416666666666668,4.166666666666666
cb3dd9ce66268c7a3ca7241ac70ab58c,48,2,0.041666666666666664,3,0.0625,48,6,0.125,50,0,0,0,3.287602159799987,0.0,0.0,4.166666666666666,6.25,12.5
4c03b9dd4c11ee2cb35c96c49efc9420,47,1,0.02127659574468085,0,0.0,46,6,0.13043478260869565,47,0,0,0,3.2191104481374873,0.0,0.0,2.127659574468085,0.0,13.043478260869565
aae3bfea055532c57fb453ed3ec80b30,47,0,0.0,4,0.0851063829787234,46,9,0.1956521739130435,47,0,0,0,3.2191104481374873,0.0,0.0,0.0,8.51063829787234,19.565217391304348
381c83fdca332ea6afd896da20bf6e4a,46,1,0.021739130434782608,0,0.0,46,4,0.08695652173913043,46,0,0,0,3.150618736474988,0.0,0.0,2.1739130434782608,0.0,8.695652173913043
83e197e95a1bbabc8c75e883ed016c47,46,1,0.021739130434782608,3,0.06521739130434782,46,1,0.021739130434782608,47,0,0,0,3.150618736474988,0.0,0.0,2.1739130434782608,6.521739130434782,2.1739130434782608
994f04b3718c2bab35c2adfa8afecd2a,46,3,0.06521739130434782,11,0.2391304347826087,46,1,0.021739130434782608,48,0,0,0,3.150618736474988,0.0,0.0,6.521739130434782,23.91304347826087,2.1739130434782608
2a5b78b41cd05baeac8df54c6606b92c,45,1,0.022222222222222223,1,0.022222222222222223,45,2,0.044444444444444446,48,0,0,0,3.082127024812488,0.0,0.0,2.2222222222222223,2.2222222222222223,4.444444444444445
6b90f847357d8981edd79a1eb1bf0acb,45,0,0.0,0,0.0,45,3,0.06666666666666667,45,0,0,0,3.082127024812488,0.0,0.0,0.0,0.0,6.666666666666667
81f89e42267213cb94da7ddc301651da,45,0,0.0,1,0.022222222222222223,45,9,0.2,45,0,0,0,3.082127024812488,0.0,0.0,0.0,2.2222222222222223,20.0
afe0067131b73e40875c9b6c10bd2e21,45,2,0.044444444444444446,9,0.2,44,4,0.09090909090909091,46,0,0,0,3.082127024812488,0.0,0.0,4.444444444444445,20.0,9.090909090909092
b8bc237ba3788b23da09c0f1f3a3288c,45,1,0.022222222222222223,1,0.022222222222222223,44,3,0.06818181818181818,45,0,0,0,3.082127024812488,0.0,0.0,2.2222222222222223,2.2222222222222223,6.8181818181818175
bccf933e006e9b94a6184af782963e77,45,1,0.022222222222222223,1,0.022222222222222223,44,3,0.06818181818181818,45,0,0,0,3.082127024812488,0.0,0.0,2.2222222222222223,2.2222222222222223,6.8181818181818175
f680f85bee2d253556ac91be391d2c82,45,1,0.022222222222222223,0,0.0,45,3,0.06666666666666667,45,0,0,0,3.082127024812488,0.0,0.0,2.2222222222222223,0.0,6.666666666666667
fdb9095204a334cd8872252ffec6f2db,45,3,0.06666666666666667,0,0.0,45,6,0.13333333333333333,45,0,0,0,3.082127024812488,0.0,0.0,6.666666666666667,0.0,13.333333333333334
02f623a8eb246f3c5f7c2f96462654e6,44,3,0.06818181818181818,0,0.0,43,2,0.046511627906976744,44,0,0,0,3.0136353131499884,0.0,0.0,6.8181818181818175,0.0,4.651162790697675
09f952a5f58d2285b0372551ae8f9b01,44,3,0.06818181818181818,5,0.11363636363636363,44,5,0.11363636363636363,44,0,0,0,3.0136353131499884,0.0,0.0,6.8181818181818175,11.363636363636363,11.363636363636363
138dbe45fc62f1e244378131a6801526,44,1,0.022727272727272728,1,0.022727272727272728,44,5,0.11363636363636363,44,0,0,0,3.0136353131499884,0.0,0.0,2.272727272727273,2.272727272727273,11.363636363636363
95f83f51203c626648c875dd41874c7f,44,1,0.022727272727272728,6,0.13636363636363635,44,12,0.2727272727272727,46,0,0,0,3.0136353131499884,0.0,0.0,2.272727272727273,13.636363636363635,27.27272727272727
b32be1695eb7ec5f10f72d9610a12527,44,2,0.045454545454545456,8,0.18181818181818182,43,5,0.11627906976744186,45,0,0,0,3.0136353131499884,0.0,0.0,4.545454545454546,18.181818181818183,11.627906976744185
3f995f07c49d0d55a99d5c54957f7d81,43,1,0.023255813953488372,0,0.0,43,4,0.09302325581395349,43,0,0,0,2.9451436014874885,0.0,0.0,2.3255813953488373,0.0,9.30232558139535
4da0e408c99d2fdc2126dc9fce518060,43,0,0.0,0,0.0,43,3,0.06976744186046512,43,0,0,0,2.9451436014874885,0.0,0.0,0.0,0.0,6.976744186046512
870d0118f7a9d85960f29ad89d5d989a,43,2,0.046511627906976744,3,0.06976744186046512,43,3,0.06976744186046512,43,0,0,0,2.9451436014874885,0.0,0.0,4.651162790697675,6.976744186046512,6.976744186046512
acce39e832338debb07b02385cde5967,43,0,0.0,0,0.0,43,2,0.046511627906976744,43,0,0,0,2.9451436014874885,0.0,0.0,0.0,0.0,4.651162790697675
33a17d60c64393351ebf1ef860f4e0f2,42,1,0.023809523809523808,1,0.023809523809523808,42,1,0.023809523809523808,42,0,0,0,2.8766518898249887,0.0,0.0,2.380952380952381,2.380952380952381,2.380952380952381
3bb548e3cb7f70f28e3f11ee9dce0e59,42,0,0.0,4,0.09523809523809523,42,4,0.09523809523809523,42,0,0,0,2.8766518898249887,0.0,0.0,0.0,9.523809523809524,9.523809523809524
5f3ae9136c875522250f8184f253413a,42,2,0.047619047619047616,5,0.11904761904761904,42,1,0.023809523809523808,43,0,0,0,2.8766518898249887,0.0,0.0,4.761904761904762,11.904761904761903,2.380952380952381
b410bdd36d5db7a65dcd42b7ead933b8,42,0,0.0,1,0.023809523809523808,42,0,0.0,44,0,0,0,2.8766518898249887,0.0,0.0,0.0,2.380952380952381,0.0
c66dccfb3f109511246da627dd5a2498,42,2,0.047619047619047616,0,0.0,42,3,0.07142857142857142,43,0,0,0,2.8766518898249887,0.0,0.0,4.761904761904762,0.0,7.142857142857142
e0a366315b1b726b6c7832d664c0f530,42,1,0.023809523809523808,0,0.0,42,5,0.11904761904761904,42,0,0,0,2.8766518898249887,0.0,0.0,2.380952380952381,0.0,11.904761904761903
43f8c9950d11ecd03a0304a49e010da6,41,2,0.04878048780487805,0,0.0,41,1,0.024390243902439025,41,0,0,0,2.808160178162489,0.0,0.0,4.878048780487805,0.0,2.4390243902439024
58f1a6197ed863543e0136bdedb3fce2,41,1,0.024390243902439025,2,0.04878048780487805,41,5,0.12195121951219512,43,0,0,0,2.808160178162489,0.0,0.0,2.4390243902439024,4.878048780487805,12.195121951219512
cd06602b43d8800bd0afad514919d35c,41,2,0.04878048780487805,4,0.0975609756097561,41,10,0.24390243902439024,42,0,0,0,2.808160178162489,0.0,0.0,4.878048780487805,9.75609756097561,24.390243902439025
31344c16881c08a8a72c6d2eb29918c1,40,2,0.05,2,0.05,40,3,0.075,41,0,0,0,2.7396684664999893,0.0,0.0,5.0,5.0,7.5
34d1ca11b242c0fee2c834ae8d788566,40,0,0.0,1,0.025,39,2,0.05128205128205128,40,0,0,0,2.7396684664999893,0.0,0.0,0.0,2.5,5.128205128205128
7dc8c42cc750eeafea6c85712ffee9bf,40,2,0.05,6,0.15,40,4,0.1,40,0,0,0,2.7396684664999893,0.0,0.0,5.0,15.0,10.0
83deb69e889cf80f82be1dc6d5f2d486,40,2,0.05,9,0.225,40,6,0.15,40,0,0,0,2.7396684664999893,0.0,0.0,5.0,22.5,15.0
9add47bf45ce8e8c7db6b9cf670b1e09,40,1,0.025,5,0.125,39,3,0.07692307692307693,42,0,0,0,2.7396684664999893,0.0,0.0,2.5,12.5,7.6923076923076925
a2e874074c877c5a05abae80ad6e488f,40,2,0.05,6,0.15,40,3,0.075,44,0,0,0,2.7396684664999893,0.0,0.0,5.0,15.0,7.5
1d4587203296c8f4ad134dc286fa6db0,39,1,0.02564102564102564,1,0.02564102564102564,39,4,0.10256410256410256,41,0,0,0,2.6711767548374894,0.0,0.0,2.564102564102564,2.564102564102564,10.256410256410255
6df688df543f90e9b38f4319e75a9d88,39,0,0.0,0,0.0,39,1,0.02564102564102564,40,0,0,0,2.6711767548374894,0.0,0.0,0.0,0.0,2.564102564102564
b56906f7fd1696e043f1bcce164c487b,39,2,0.05128205128205128,3,0.07692307692307693,39,7,0.1794871794871795,39,0,0,0,2.6711767548374894,0.0,0.0,5.128205128205128,7.6923076923076925,17.94871794871795
d1b65fc7debc3361ea86b5f14c68d2e2,39,1,0.02564102564102564,2,0.05128205128205128,39,1,0.02564102564102564,40,0,0,0,2.6711767548374894,0.0,0.0,2.564102564102564,5.128205128205128,2.564102564102564
f789d2c4f2c2eb38fc4373e7a4b35264,39,2,0.05128205128205128,1,0.02564102564102564,39,4,0.10256410256410256,39,0,0,0,2.6711767548374894,0.0,0.0,5.128205128205128,2.564102564102564,10.256410256410255
b1ac6ea7895bc3dd6f0f6f4abbdd2821,38,0,0.0,2,0.05263157894736842,38,1,0.02631578947368421,40,0,0,0,2.60268504317499,0.0,0.0,0.0,5.263157894736842,2.631578947368421
75fbb52eda0cbc24f479d3b2fbfa8d3e,37,2,0.05405405405405406,1,0.02702702702702703,37,3,0.08108108108108109,39,0,0,0,2.53419333151249,0.0,0.0,5.405405405405405,2.7027027027027026,8.108108108108109
d23019c84ffae2d5ef2270367b8605fc,37,1,0.02702702702702703,1,0.02702702702702703,37,2,0.05405405405405406,37,0,0,0,2.53419333151249,0.0,0.0,2.7027027027027026,2.7027027027027026,5.405405405405405
d66c305afaec317ebee552073a674429,37,1,0.02702702702702703,4,0.10810810810810811,37,1,0.02702702702702703,40,0,0,0,2.53419333151249,0.0,0.0,2.7027027027027026,10.81081081081081,2.7027027027027026
3586b8580d9c917874e053a1bb37b5ff,36,1,0.027777777777777776,0,0.0,36,2,0.05555555555555555,36,0,0,0,2.46570161984999,0.0,0.0,2.7777777777777777,0.0,5.555555555555555
63b464dbf392c7b80d12d932fa7cafed,36,2,0.05555555555555555,3,0.08333333333333333,36,6,0.16666666666666666,37,0,0,0,2.46570161984999,0.0,0.0,5.555555555555555,8.333333333333332,16.666666666666664
96804ea39d96eb908e7c3afdb671bb9e,36,1,0.027777777777777776,4,0.1111111111111111,36,4,0.1111111111111111,37,0,0,0,2.46570161984999,0.0,0.0,2.7777777777777777,11.11111111111111,11.11111111111111
bd4889b5e9133b35b66e42a8665cea5c,36,0,0.0,0,0.0,35,3,0.08571428571428572,36,0,0,0,2.46570161984999,0.0,0.0,0.0,0.0,8.571428571428571
e63e8bfa530fb16910dd6956e592bb81,36,2,0.05555555555555555,2,0.05555555555555555,36,3,0.08333333333333333,37,0,0,0,2.46570161984999,0.0,0.0,5.555555555555555,5.555555555555555,8.333333333333332
240b9776d844d37535668549a396af32,35,1,0.02857142857142857,4,0.11428571428571428,35,3,0.08571428571428572,36,0,0,0,2.3972099081874907,0.0,0.0,2.857142857142857,11.428571428571429,8.571428571428571
31561f325664a8a7aba4c8d0c3a9b3db,35,0,0.0,2,0.05714285714285714,35,1,0.02857142857142857,35,0,0,0,2.3972099081874907,0.0,0.0,0.0,5.714285714285714,2.857142857142857
3ab971ce71839580d2ae5b4e40fe8044,35,2,0.05714285714285714,1,0.02857142857142857,34,7,0.20588235294117646,36,0,0,0,2.3972099081874907,0.0,0.0,5.714285714285714,2.857142857142857,20.588235294117645
bf3c6d2a28b2b5501e6c15448982dcc9,35,1,0.02857142857142857,0,0.0,35,1,0.02857142857142857,35,0,0,0,2.3972099081874907,0.0,0.0,2.857142857142857,0.0,2.857142857142857
fde0cc9ea29c8ccfc0a2c22256a58c71,35,1,0.02857142857142857,1,0.02857142857142857,35,3,0.08571428571428572,35,0,0,0,2.3972099081874907,0.0,0.0,2.857142857142857,2.857142857142857,8.571428571428571
20d83f3ef0e6925fd74bfd59170babf7,34,2,0.058823529411764705,0,0.0,34,2,0.058823529411764705,34,0,0,0,2.328718196524991,0.0,0.0,5.88235294117647,0.0,5.88235294117647
5b179e9e8cc7ab6fd113a46ca584da81,34,2,0.058823529411764705,12,0.35294117647058826,33,7,0.21212121212121213,34,0,0,0,2.328718196524991,0.0,0.0,5.88235294117647,35.294117647058826,21.21212121212121
718539d38d07dd351c76db862760e2e2,34,0,0.0,0,0.0,34,1,0.029411764705882353,36,0,0,0,2.328718196524991,0.0,0.0,0.0,0.0,2.941176470588235
a3dd39f583bc80bd8c5901c95878921e,34,1,0.029411764705882353,3,0.08823529411764706,34,1,0.029411764705882353,34,0,0,0,2.328718196524991,0.0,0.0,2.941176470588235,8.823529411764707,2.941176470588235
33ac3e28642ab8bda860a2f693000e78,33,0,0.0,2,0.06060606060606061,33,3,0.09090909090909091,33,0,0,0,2.2602264848624913,0.0,0.0,0.0,6.0606060606060606,9.090909090909092
45ba18c210d42734ec52c0c1c574e9ee,33,1,0.030303030303030304,0,0.0,33,4,0.12121212121212122,36,0,0,0,2.2602264848624913,0.0,0.0,3.0303030303030303,0.0,12.121212121212121
48efc9d94a9834137efd9ea76b065a38,33,0,0.0,28,0.8484848484848485,33,0,0.0,33,0,0,0,2.2602264848624913,0.0,0.0,0.0,84.84848484848484,0.0
5cbbd5a299cab112b7bf23862255e43e,33,0,0.0,3,0.09090909090909091,33,2,0.06060606060606061,33,0,0,0,2.2602264848624913,0.0,0.0,0.0,9.090909090909092,6.0606060606060606
65febd49fd28ec955651299159b1f527,33,0,0.0,0,0.0,33,3,0.09090909090909091,35,0,0,0,2.2602264848624913,0.0,0.0,0.0,0.0,9.090909090909092
b839e41795b7f3ad94cc2014a52f6796,33,1,0.030303030303030304,1,0.030303030303030304,33,6,0.18181818181818182,33,0,0,0,2.2602264848624913,0.0,0.0,3.0303030303030303,3.0303030303030303,18.181818181818183
b90e891671cffd9557f33a97dc523645,33,0,0.0,0,0.0,33,3,0.09090909090909091,33,0,0,0,2.2602264848624913,0.0,0.0,0.0,0.0,9.090909090909092
e49c26c3edfa46d227d5121a6b6e4d37,33,0,0.0,0,0.0,33,2,0.06060606060606061,34,0,0,0,2.2602264848624913,0.0,0.0,0.0,0.0,6.0606060606060606
232a6014e7b10cba61c6c2b2ea6bb4b0,32,1,0.03125,0,0.0,32,4,0.125,33,0,0,0,2.1917347731999914,0.0,0.0,3.125,0.0,12.5
325f3178fb58e2a9778334621eecdbf9,32,0,0.0,0,0.0,32,2,0.0625,32,0,0,0,2.1917347731999914,0.0,0.0,0.0,0.0,6.25
3c4e0452bff7a2a788179488d3d77032,32,1,0.03125,0,0.0,31,6,0.1935483870967742,32,0,0,0,2.1917347731999914,0.0,0.0,3.125,0.0,19.35483870967742
8bd0f31cf0a614c658f6763bd02dea69,32,1,0.03125,0,0.0,31,3,0.0967741935483871,32,0,0,0,2.1917347731999914,0.0,0.0,3.125,0.0,9.67741935483871
18e694e0e48ed6f7aa3f24aade5fd697,31,1,0.03225806451612903,0,0.0,31,0,0.0,31,0,0,0,2.1232430615374915,0.0,0.0,3.225806451612903,0.0,0.0
33576ec5412fb5905d876f12f33bfde6,31,1,0.03225806451612903,7,0.22580645161290322,31,3,0.0967741935483871,31,0,0,0,2.1232430615374915,0.0,0.0,3.225806451612903,22.58064516129032,9.67741935483871
4917cee8d902e13428c3ec4b1ca6f315,31,1,0.03225806451612903,6,0.1935483870967742,31,4,0.12903225806451613,33,0,0,0,2.1232430615374915,0.0,0.0,3.225806451612903,19.35483870967742,12.903225806451612
5d3bb11474a06bdc23fb9e89f1164ee0,31,1,0.03225806451612903,1,0.03225806451612903,31,5,0.16129032258064516,31,0,0,0,2.1232430615374915,0.0,0.0,3.225806451612903,3.225806451612903,16.129032258064516
6481e96574816ead57975da2c0f6d80d,31,1,0.03225806451612903,1,0.03225806451612903,31,2,0.06451612903225806,31,0,0,0,2.1232430615374915,0.0,0.0,3.225806451612903,3.225806451612903,6.451612903225806
9baf5cb77970f539089d09a38bcec5c3,31,0,0.0,3,0.0967741935483871,31,2,0.06451612903225806,32,0,0,0,2.1232430615374915,0.0,0.0,0.0,9.67741935483871,6.451612903225806
cc5a78bbad32776dc4e3af205218368c,31,1,0.03225806451612903,0,0.0,31,3,0.0967741935483871,31,0,0,0,2.1232430615374915,0.0,0.0,3.225806451612903,0.0,9.67741935483871
ed4acab38528488b65a9a9c603ff024a,31,0,0.0,2,0.06451612903225806,31,6,0.1935483870967742,32,0,0,0,2.1232430615374915,0.0,0.0,0.0,6.451612903225806,19.35483870967742
fad44952713764836814be105382aee5,31,0,0.0,3,0.0967741935483871,31,1,0.03225806451612903,31,0,0,0,2.1232430615374915,0.0,0.0,0.0,9.67741935483871,3.225806451612903
02f5837340d7eb4f653d676c7256523a,30,1,0.03333333333333333,0,0.0,30,1,0.03333333333333333,30,0,0,0,2.054751349874992,0.0,0.0,3.3333333333333335,0.0,3.3333333333333335
2bf6a2c1e71bbd29a4ad64e6d3c3629f,30,2,0.06666666666666667,0,0.0,30,4,0.13333333333333333,30,0,0,0,2.054751349874992,0.0,0.0,6.666666666666667,0.0,13.333333333333334
3340ef1913fb70d28420f6ceb685c339,30,1,0.03333333333333333,2,0.06666666666666667,30,2,0.06666666666666667,30,0,0,0,2.054751349874992,0.0,0.0,3.3333333333333335,6.666666666666667,6.666666666666667
3c487ae8f8d7542beff5788e2e0aea83,30,1,0.03333333333333333,4,0.13333333333333333,30,3,0.1,30,0,0,0,2.054751349874992,0.0,0.0,3.3333333333333335,13.333333333333334,10.0
4e06067cc08b3f41d837768d392c3ee3,30,1,0.03333333333333333,0,0.0,30,5,0.16666666666666666,30,0,0,0,2.054751349874992,0.0,0.0,3.3333333333333335,0.0,16.666666666666664
5160d23075764e18e07c1f4a87fad743,30,0,0.0,2,0.06666666666666667,30,1,0.03333333333333333,31,0,0,0,2.054751349874992,0.0,0.0,0.0,6.666666666666667,3.3333333333333335
78c99c6dff4eeae5be99bf635ed21e3f,30,2,0.06666666666666667,3,0.1,30,2,0.06666666666666667,30,0,0,0,2.054751349874992,0.0,0.0,6.666666666666667,10.0,6.666666666666667
974cf2cb8f4b7add98709c30df02fe10,30,1,0.03333333333333333,0,0.0,30,3,0.1,33,0,0,0,2.054751349874992,0.0,0.0,3.3333333333333335,0.0,10.0
cd6efc47efaabf134f8bdb654e10b4f1,30,2,0.06666666666666667,0,0.0,30,2,0.06666666666666667,30,0,0,0,2.054751349874992,0.0,0.0,6.666666666666667,0.0,6.666666666666667
dfc5fb7259bb2b599ca565e6e9448f0f,30,1,0.03333333333333333,4,0.13333333333333333,30,1,0.03333333333333333,30,0,0,0,2.054751349874992,0.0,0.0,3.3333333333333335,13.333333333333334,3.3333333333333335
